item_id,item_idx
twitter15_265953285247209472,0
twitter15_273182568298450945,1
twitter15_273278761909239808,2
twitter15_295152287901417472,3
twitter15_295944137948151809,4
twitter15_318263294098030593,5
twitter15_319166636902998016,6
twitter15_326137285450018817,7
twitter15_334722003057647616,8
twitter15_336873759271157760,9
twitter15_336913656921083904,10
twitter15_348203818741272576,11
twitter15_348204426659508226,12
twitter15_348209998565879810,13
twitter15_351767344097398785,14
twitter15_352075672543428608,15
twitter15_356268980211687424,16
twitter15_356297080169447425,17
twitter15_356310469390245888,18
twitter15_356407105953071107,19
twitter15_356437941641416705,20
twitter15_357299879070023680,21
twitter15_357300409292959744,22
twitter15_358591089462099968,23
twitter15_364383457545162754,24
twitter15_364589696573124609,25
twitter15_365052155385749505,26
twitter15_365056836476481537,27
twitter15_365276206381268995,28
twitter15_365497016098369536,29
twitter15_366025766183514112,30
twitter15_366205297557110784,31
twitter15_369506008172740608,32
twitter15_370855596050108416,33
twitter15_372489152903643136,34
twitter15_372901260183494656,35
twitter15_372914976102834176,36
twitter15_376874273601630208,37
twitter15_376982539132366848,38
twitter15_377002232257855488,39
twitter15_377519445578895360,40
twitter15_380055172896272384,41
twitter15_380140114552188928,42
twitter15_386682163862986752,43
twitter15_386998038004113409,44
twitter15_387006553124896768,45
twitter15_387006700609228801,46
twitter15_387007120689737729,47
twitter15_387009577763360768,48
twitter15_387010299536355328,49
twitter15_387021726007042051,50
twitter15_387030572779847680,51
twitter15_387031585834278912,52
twitter15_387041762331471872,53
twitter15_387050178932654080,54
twitter15_387220814531395584,55
twitter15_387233034350514176,56
twitter15_387236601450864641,57
twitter15_387237225286479872,58
twitter15_387281927427727360,59
twitter15_387309869080281088,60
twitter15_387353560356118528,61
twitter15_407156621450571777,62
twitter15_407158558158254081,63
twitter15_407159686786732032,64
twitter15_407161635439013888,65
twitter15_407162181059612672,66
twitter15_407163499723624449,67
twitter15_407163869673443328,68
twitter15_407164247768977409,69
twitter15_407164597511393280,70
twitter15_407167258452971520,71
twitter15_407167928313081856,72
twitter15_407169212428206080,73
twitter15_407169699559247872,74
twitter15_407169885345943552,75
twitter15_407170170533064705,76
twitter15_407170443443859456,77
twitter15_407173794583695360,78
twitter15_407174474207731712,79
twitter15_407176055657484289,80
twitter15_407176873605865472,81
twitter15_407177474788057088,82
twitter15_407179055763836928,83
twitter15_407181813174788096,84
twitter15_407182194206322689,85
twitter15_407182466613792768,86
twitter15_407184707118309376,87
twitter15_407184730988097536,88
twitter15_407185422523977728,89
twitter15_407187197427593217,90
twitter15_407188779255222273,91
twitter15_407189015582887936,92
twitter15_407191058108256257,93
twitter15_407191144880439298,94
twitter15_407192027714322432,95
twitter15_407192126032986112,96
twitter15_407192370040803329,97
twitter15_407193347279699968,98
twitter15_407197113286545409,99
twitter15_407197672702214144,100
twitter15_407198255793987584,101
twitter15_407198615137181696,102
twitter15_407205009676587009,103
twitter15_407205235682050048,104
twitter15_407205404075376640,105
twitter15_407206094747209728,106
twitter15_407209131351629824,107
twitter15_407209222850756608,108
twitter15_407209892013821952,109
twitter15_407211258304552960,110
twitter15_407212665350942720,111
twitter15_407213757048160256,112
twitter15_407213772328022016,113
twitter15_407217471473451008,114
twitter15_407217865973329920,115
twitter15_407218583135997953,116
twitter15_407223928084766721,117
twitter15_407229989902225408,118
twitter15_407231591191035904,119
twitter15_407231740764508161,120
twitter15_407232661107642368,121
twitter15_407233172380733441,122
twitter15_407234399093022720,123
twitter15_407236151167025152,124
twitter15_407237676350185475,125
twitter15_407244865018155008,126
twitter15_407248574099894272,127
twitter15_407253198395555840,128
twitter15_407253554039386112,129
twitter15_407254590363426816,130
twitter15_407258075502899200,131
twitter15_407262869152358400,132
twitter15_407262953533353984,133
twitter15_407264593027670016,134
twitter15_407267881131732992,135
twitter15_407269894938718208,136
twitter15_407275991610818560,137
twitter15_407279190913069056,138
twitter15_407290084593913856,139
twitter15_407290871856369664,140
twitter15_407292452060815360,141
twitter15_427652211414274048,142
twitter15_427662266993889280,143
twitter15_427666815842414592,144
twitter15_427689948398231552,145
twitter15_427690961280696320,146
twitter15_427725166127226881,147
twitter15_427762638274437120,148
twitter15_427780584979836929,149
twitter15_427831952826449920,150
twitter15_427846006600777729,151
twitter15_427924694663454720,152
twitter15_427944719612915712,153
twitter15_428366153149194240,154
twitter15_435998882250899456,155
twitter15_436001434212249600,156
twitter15_436074888638763008,157
twitter15_436089462326849536,158
twitter15_436146437530075136,159
twitter15_436157173161144321,160
twitter15_436157398269849602,161
twitter15_436160836524965891,162
twitter15_436195672677953536,163
twitter15_436215971272212480,164
twitter15_445495350171013120,165
twitter15_450341615979069440,166
twitter15_455525437351800832,167
twitter15_470025166760980483,168
twitter15_482880640560271361,169
twitter15_489794369487380480,170
twitter15_489794593580650497,171
twitter15_489794696013967360,172
twitter15_489796088338341888,173
twitter15_489796998615547904,174
twitter15_489798219283857408,175
twitter15_489798752358916096,176
twitter15_489798752438583297,177
twitter15_489800427152879616,178
twitter15_489802446001434625,179
twitter15_489812926828924928,180
twitter15_489816746405007360,181
twitter15_489818014364086273,182
twitter15_489820657291911168,183
twitter15_489829414704648192,184
twitter15_489833932813516800,185
twitter15_489836271049928704,186
twitter15_489836441120145408,187
twitter15_489841070818488320,188
twitter15_489854703321509888,189
twitter15_489865454312099840,190
twitter15_489867900296368129,191
twitter15_489872119158046720,192
twitter15_489872500462190593,193
twitter15_489874311143260160,194
twitter15_489887806018183168,195
twitter15_489902412900343809,196
twitter15_489968646014246912,197
twitter15_489970164469751808,198
twitter15_489974591985840128,199
twitter15_489975398151618560,200
twitter15_490080544949276672,201
twitter15_490136764619948032,202
twitter15_490141776984825856,203
twitter15_491200302365040640,204
twitter15_491241885399539712,205
twitter15_491591245152935936,206
twitter15_495305620342714369,207
twitter15_495365942726381568,208
twitter15_495366618818830336,209
twitter15_495583434954514432,210
twitter15_496698590153416704,211
twitter15_497073936077959169,212
twitter15_498280126254428160,213
twitter15_499366666300846081,214
twitter15_499368931367608320,215
twitter15_499456140044824576,216
twitter15_499530130487017472,217
twitter15_499612545909415938,218
twitter15_499679379820412928,219
twitter15_499683602452717569,220
twitter15_500258409988763649,221
twitter15_500270780832174080,222
twitter15_500278045597368320,223
twitter15_500278294055768064,224
twitter15_500279160795721728,225
twitter15_500279189405433858,226
twitter15_500280422295937024,227
twitter15_500280838710247424,228
twitter15_500281094239817728,229
twitter15_500281131057811456,230
twitter15_500284699546517505,231
twitter15_500286058664579072,232
twitter15_500288349924782080,233
twitter15_500290456845299714,234
twitter15_500294803402137600,235
twitter15_500295393301647360,236
twitter15_500298752469770240,237
twitter15_500303431928922113,238
twitter15_500307001629745152,239
twitter15_500308076004929537,240
twitter15_500319675797209088,241
twitter15_500319801344929795,242
twitter15_500327106824245249,243
twitter15_500327120770301952,244
twitter15_500332933098385408,245
twitter15_500341884678836224,246
twitter15_500347114975944705,247
twitter15_500354773133299713,248
twitter15_500363126294863876,249
twitter15_500363740311982081,250
twitter15_500371149713178625,251
twitter15_500377145349521411,252
twitter15_500377906305327104,253
twitter15_500378522788315137,254
twitter15_500381163866062848,255
twitter15_500389488217309184,256
twitter15_500391222075076610,257
twitter15_500394061887709184,258
twitter15_500413818368184321,259
twitter15_501474962935648256,260
twitter15_501760566160289794,261
twitter15_501768276523761666,262
twitter15_501774251901198336,263
twitter15_501774615837163521,264
twitter15_501781217411215360,265
twitter15_501785003144273921,266
twitter15_501827465032237056,267
twitter15_501881262240694272,268
twitter15_501934077612941312,269
twitter15_503498696273965056,270
twitter15_503609826128044032,271
twitter15_503610065769598976,272
twitter15_503714147138166784,273
twitter15_504106473467944960,274
twitter15_504109775358287872,275
twitter15_504131150429061121,276
twitter15_504131654810877952,277
twitter15_504243239084236800,278
twitter15_504244627680272384,279
twitter15_504267796424163328,280
twitter15_504304227246538752,281
twitter15_504387128013246465,282
twitter15_504419526998360064,283
twitter15_504433135036407808,284
twitter15_504441156575297536,285
twitter15_504448356584677377,286
twitter15_504450741126582275,287
twitter15_504453071041482753,288
twitter15_504478567062056962,289
twitter15_504500863944376321,290
twitter15_504652021601800193,291
twitter15_504771233557147648,292
twitter15_504830161993609216,293
twitter15_505369323922522113,294
twitter15_505611045897924608,295
twitter15_505657661120348163,296
twitter15_506118402466152449,297
twitter15_506656271517622272,298
twitter15_506784541696991232,299
twitter15_507242819623587841,300
twitter15_507257950868885504,301
twitter15_507261372313640961,302
twitter15_507263441359613953,303
twitter15_507354546041925632,304
twitter15_507454543169617920,305
twitter15_507557659206516736,306
twitter15_507634536176300032,307
twitter15_507918114567499776,308
twitter15_508002575858561024,309
twitter15_509031495101874176,310
twitter15_509077805296914432,311
twitter15_509084603617792001,312
twitter15_509114008587100160,313
twitter15_509152237503778816,314
twitter15_509463916586762241,315
twitter15_509463933564891137,316
twitter15_509464217549021184,317
twitter15_509464271118688257,318
twitter15_509464457836511232,319
twitter15_509466295344304129,320
twitter15_509473920060104704,321
twitter15_509478961705807872,322
twitter15_510286132568150016,323
twitter15_510507736287961088,324
twitter15_510906049549705216,325
twitter15_510908595144519680,326
twitter15_510916464631889920,327
twitter15_510916647373516800,328
twitter15_510916725953417218,329
twitter15_510918747188514816,330
twitter15_510921017972514817,331
twitter15_510922415468449792,332
twitter15_510931521306243072,333
twitter15_511330322831507456,334
twitter15_511918957255991296,335
twitter15_513015596879867904,336
twitter15_513437031020916738,337
twitter15_513749585391390720,338
twitter15_513779458340569088,339
twitter15_513922322915282945,340
twitter15_514039286845698048,341
twitter15_514057033419849728,342
twitter15_514062859987595264,343
twitter15_514067907475959808,344
twitter15_514072132301910016,345
twitter15_514081464171102208,346
twitter15_514098803347951616,347
twitter15_514098833253748736,348
twitter15_514100169307348992,349
twitter15_514106273852174337,350
twitter15_514106939173634048,351
twitter15_514109888138842113,352
twitter15_514142113601437696,353
twitter15_514148279601606656,354
twitter15_514150992552931328,355
twitter15_514201362729828352,356
twitter15_514308277803294721,357
twitter15_514395350615203841,358
twitter15_514420223873941504,359
twitter15_514429381737852929,360
twitter15_514451906211893248,361
twitter15_514468018970034176,362
twitter15_514478918636535808,363
twitter15_514483762566922240,364
twitter15_514495841600811009,365
twitter15_514508854990999553,366
twitter15_514512849876836352,367
twitter15_514517213022543872,368
twitter15_514517470238240768,369
twitter15_514535408126795776,370
twitter15_514540926640087040,371
twitter15_514546272972574721,372
twitter15_514550436377137152,373
twitter15_514555852351479808,374
twitter15_515519742355185664,375
twitter15_515538937058971648,376
twitter15_515598200796090369,377
twitter15_515717938025078784,378
twitter15_515918632178577408,379
twitter15_516313006427602944,380
twitter15_516321020815228929,381
twitter15_516345893139001346,382
twitter15_516358319317852160,383
twitter15_516361247223058432,384
twitter15_516371936604352513,385
twitter15_516377014790782977,386
twitter15_516386101766782976,387
twitter15_516390549012480001,388
twitter15_516394449065496577,389
twitter15_516395112201736192,390
twitter15_516411927506206721,391
twitter15_516414874348298240,392
twitter15_516420964834611201,393
twitter15_516423807394131968,394
twitter15_516425769560866817,395
twitter15_516434071631974400,396
twitter15_516435293235183617,397
twitter15_516475930097643520,398
twitter15_516539137646542848,399
twitter15_516545908813475841,400
twitter15_516636338679197697,401
twitter15_516682897864916992,402
twitter15_516705572373397504,403
twitter15_516727880571572225,404
twitter15_516729950091493376,405
twitter15_516804849619705859,406
twitter15_516856061182345216,407
twitter15_516861311725342722,408
twitter15_516978780171436032,409
twitter15_517003426832453633,410
twitter15_517034091028676608,411
twitter15_517038566061658114,412
twitter15_517051126466625536,413
twitter15_517053056211357696,414
twitter15_517416417164263424,415
twitter15_517487705978966016,416
twitter15_517712193841037312,417
twitter15_517850508380618752,418
twitter15_518192429153783808,419
twitter15_518620083342835712,420
twitter15_518665533089406976,421
twitter15_518827403452637184,422
twitter15_518830518792892416,423
twitter15_518866406512025602,424
twitter15_518870005677826050,425
twitter15_518924377791164420,426
twitter15_518981379963777025,427
twitter15_519078654635409410,428
twitter15_519112613800972288,429
twitter15_519131101798100992,430
twitter15_519178213441167360,431
twitter15_519275971758026752,432
twitter15_519311120914722816,433
twitter15_519348106836860929,434
twitter15_519375764165509121,435
twitter15_519447199164665856,436
twitter15_519530210795216896,437
twitter15_519704006826807296,438
twitter15_519867098945044480,439
twitter15_519868410599993344,440
twitter15_519921456730607616,441
twitter15_519929168864497664,442
twitter15_519935535083565056,443
twitter15_519962130859429888,444
twitter15_519965814175567872,445
twitter15_520132836594970625,446
twitter15_520244836084228096,447
twitter15_520265722967375872,448
twitter15_520284654755381249,449
twitter15_520299904934371328,450
twitter15_520338188213444608,451
twitter15_520630231531802624,452
twitter15_521098692326350848,453
twitter15_521444489697583104,454
twitter15_521496155310796800,455
twitter15_521533372280369152,456
twitter15_521663202183348224,457
twitter15_521717368264093696,458
twitter15_521727831307722753,459
twitter15_521769631519092736,460
twitter15_521770744855134208,461
twitter15_521772674155286528,462
twitter15_521777301470871553,463
twitter15_521788572933062657,464
twitter15_521789009576476673,465
twitter15_521790189715615744,466
twitter15_521821037726797824,467
twitter15_521835345059389440,468
twitter15_521882110789824512,469
twitter15_521922785254580225,470
twitter15_522321383716818944,471
twitter15_522443333831262208,472
twitter15_522453569702989824,473
twitter15_522468118082633729,474
twitter15_522534012544638976,475
twitter15_522553662996901888,476
twitter15_522654603675176960,477
twitter15_522684367647559681,478
twitter15_522692223952228353,479
twitter15_522782267215982592,480
twitter15_522815405451407360,481
twitter15_523026678419714048,482
twitter15_523098334421319680,483
twitter15_523123023646175233,484
twitter15_523123779124600833,485
twitter15_523126268603031552,486
twitter15_523535962962280448,487
twitter15_523545090099523584,488
twitter15_523555724807262208,489
twitter15_523558773345255424,490
twitter15_523562674487975937,491
twitter15_523566838958284801,492
twitter15_523581212175392768,493
twitter15_523655026485366784,494
twitter15_523820806917603328,495
twitter15_523863683928457216,496
twitter15_523888836456108032,497
twitter15_523939598691741696,498
twitter15_523943647449198592,499
twitter15_524144369235140608,500
twitter15_524152657783820288,501
twitter15_524168442841010176,502
twitter15_524176293450223616,503
twitter15_524178388282802176,504
twitter15_524181699043663872,505
twitter15_524185876931162112,506
twitter15_524186749002473472,507
twitter15_524191650420367360,508
twitter15_524206851450486785,509
twitter15_524211911668543488,510
twitter15_524227209976745984,511
twitter15_524263570985340928,512
twitter15_524289058290159616,513
twitter15_524291188422356993,514
twitter15_524294016435634178,515
twitter15_524312881823637504,516
twitter15_524317344730869760,517
twitter15_524320261667950592,518
twitter15_524586367456919552,519
twitter15_524593547807178753,520
twitter15_524646141938647043,521
twitter15_524685073979678721,522
twitter15_524699123971534848,523
twitter15_524757333608394752,524
twitter15_524881688825167872,525
twitter15_524923293711998976,526
twitter15_524923341359300608,527
twitter15_524924619812511746,528
twitter15_524925033626738688,529
twitter15_524925124303396864,530
twitter15_524925600318754816,531
twitter15_524925730053181440,532
twitter15_524926472432410625,533
twitter15_524927281048080385,534
twitter15_524928119955013632,535
twitter15_524928878075457536,536
twitter15_524929106987991040,537
twitter15_524929497205055488,538
twitter15_524929796862918656,539
twitter15_524930365400821761,540
twitter15_524930671220105216,541
twitter15_524932056560963584,542
twitter15_524933380929245184,543
twitter15_524934138563133440,544
twitter15_524935246647926784,545
twitter15_524935769614331904,546
twitter15_524937542131793920,547
twitter15_524940659778920448,548
twitter15_524941041301225472,549
twitter15_524941504796962816,550
twitter15_524944881941495809,551
twitter15_524946179390701568,552
twitter15_524947149134774272,553
twitter15_524948703850029056,554
twitter15_524949828711620608,555
twitter15_524950264303075328,556
twitter15_524950339074523137,557
twitter15_524950507023245313,558
twitter15_524951893467234304,559
twitter15_524952094986350592,560
twitter15_524958128392376320,561
twitter15_524958992330522624,562
twitter15_524959836778536961,563
twitter15_524961721744900097,564
twitter15_524961908903149568,565
twitter15_524962676665888769,566
twitter15_524965786059026432,567
twitter15_524967711492014080,568
twitter15_524970097711267841,569
twitter15_524970851675176960,570
twitter15_524972443308683264,571
twitter15_524976106861236226,572
twitter15_524976526891417600,573
twitter15_524976963862429697,574
twitter15_524976980799000578,575
twitter15_524977992683237376,576
twitter15_524979548195024898,577
twitter15_524981436252950528,578
twitter15_524983325275197440,579
twitter15_524987184836005889,580
twitter15_524988712367955970,581
twitter15_524991067675189250,582
twitter15_524991240270807042,583
twitter15_524993533212897281,584
twitter15_524998384357486592,585
twitter15_525005886272843776,586
twitter15_525008463819464704,587
twitter15_525009850104037376,588
twitter15_525024066152169473,589
twitter15_525024181218725888,590
twitter15_525024518713397249,591
twitter15_525029684095221760,592
twitter15_525032872647065600,593
twitter15_525033697045925888,594
twitter15_525039784503541760,595
twitter15_525040767317082113,596
twitter15_525040836757958657,597
twitter15_525041127343550464,598
twitter15_525043936331857923,599
twitter15_525077806401994754,600
twitter15_525088864416043008,601
twitter15_525116411887513602,602
twitter15_525134787778850818,603
twitter15_525285199530455040,604
twitter15_525291306000846848,605
twitter15_525300042207612928,606
twitter15_525301290218553344,607
twitter15_525305690257379328,608
twitter15_525327108520673281,609
twitter15_525408908484280321,610
twitter15_525411618231169025,611
twitter15_525711899359318016,612
twitter15_526459255147491328,613
twitter15_526757033186697216,614
twitter15_527131140721623040,615
twitter15_527138218505175040,616
twitter15_527162170531151872,617
twitter15_527272948680622080,618
twitter15_527286846347567104,619
twitter15_527295015643394048,620
twitter15_527308173112139776,621
twitter15_527947775905103872,622
twitter15_528237933661544448,623
twitter15_528240834660298753,624
twitter15_528242965915779072,625
twitter15_528312406498635777,626
twitter15_528341588867416064,627
twitter15_528357165677817856,628
twitter15_528389559441444864,629
twitter15_528495998537334785,630
twitter15_528562608463704064,631
twitter15_528607634099015680,632
twitter15_528676615207653376,633
twitter15_528822281972498432,634
twitter15_528976109518721024,635
twitter15_529088963420909569,636
twitter15_529434230938284032,637
twitter15_529747368087126019,638
twitter15_529857740059860992,639
twitter15_530017051025604609,640
twitter15_530943279161155584,641
twitter15_531085761521528834,642
twitter15_531108688749404160,643
twitter15_531129816389779456,644
twitter15_531131094276382720,645
twitter15_531161914689482752,646
twitter15_531183173443801088,647
twitter15_531193369465470976,648
twitter15_531206167302012929,649
twitter15_531287426858487808,650
twitter15_531300385248800768,651
twitter15_531493734358061056,652
twitter15_531498841158082562,653
twitter15_531524882325311488,654
twitter15_531525016794697729,655
twitter15_531526274003771392,656
twitter15_531530591427391488,657
twitter15_531531382611513344,658
twitter15_531543620856197121,659
twitter15_531565935128498176,660
twitter15_531568534066057217,661
twitter15_531606992788287489,662
twitter15_531607884220485632,663
twitter15_531634492528939008,664
twitter15_531648145613398016,665
twitter15_531659884430106624,666
twitter15_531676808836833280,667
twitter15_531733274968989696,668
twitter15_531833153145823233,669
twitter15_531833233143783424,670
twitter15_531900034863091712,671
twitter15_531973383198887936,672
twitter15_532007252677656576,673
twitter15_532106726539939841,674
twitter15_532197572698320896,675
twitter15_532199717594497024,676
twitter15_532203605236154368,677
twitter15_532206910796468224,678
twitter15_532208816692416512,679
twitter15_532231906364911616,680
twitter15_532239131540467712,681
twitter15_532246457609244672,682
twitter15_532255606623989760,683
twitter15_532259028152246272,684
twitter15_532275347413544961,685
twitter15_532275383430041600,686
twitter15_532276370953752576,687
twitter15_532276693931945984,688
twitter15_532281981795848192,689
twitter15_532284428542681088,690
twitter15_532284831783460864,691
twitter15_532297096356167680,692
twitter15_532319110458118144,693
twitter15_532559937269166080,694
twitter15_532602376398462976,695
twitter15_532851585408593920,696
twitter15_532928419051622400,697
twitter15_533734824905670656,698
twitter15_533767270091087872,699
twitter15_533811170889568256,700
twitter15_534205316620382208,701
twitter15_534278078105944064,702
twitter15_534303066867367937,703
twitter15_534337548680978432,704
twitter15_534364937939062784,705
twitter15_534392174876839936,706
twitter15_534409916560461825,707
twitter15_534445263528947712,708
twitter15_534461459938304001,709
twitter15_534543768653807618,710
twitter15_534678919656775680,711
twitter15_534763214106820608,712
twitter15_535148463609356288,713
twitter15_535252460148113409,714
twitter15_535257207991205888,715
twitter15_535282587325833216,716
twitter15_535315394127728641,717
twitter15_535474861616148480,718
twitter15_535474881090322432,719
twitter15_535484342785830912,720
twitter15_535507913226190849,721
twitter15_535579674152148992,722
twitter15_536105045545472000,723
twitter15_536504515843727361,724
twitter15_536540403109879809,725
twitter15_536547921542791170,726
twitter15_536558567206420480,727
twitter15_536738726693847041,728
twitter15_536804445678755840,729
twitter15_536808074431184896,730
twitter15_536826622725218304,731
twitter15_536827853669941248,732
twitter15_536835346932441088,733
twitter15_536849906997415936,734
twitter15_536871550184869888,735
twitter15_536915851233202176,736
twitter15_536962520477470720,737
twitter15_536991428694376448,738
twitter15_537006518118273025,739
twitter15_537355288295518210,740
twitter15_537377960471166976,741
twitter15_537378640653475841,742
twitter15_537484793882361856,743
twitter15_537913349338435584,744
twitter15_537976883150077952,745
twitter15_538010064591028224,746
twitter15_538129041539092480,747
twitter15_538133250066366464,748
twitter15_538137715293061120,749
twitter15_538166788484509696,750
twitter15_538193964479045633,751
twitter15_538218607822770176,752
twitter15_538256153080127489,753
twitter15_538346377794031618,754
twitter15_538374385665449985,755
twitter15_538408710084001793,756
twitter15_538412662858588160,757
twitter15_538724882461097986,758
twitter15_538729383662338049,759
twitter15_538760398003253248,760
twitter15_538847758032310272,761
twitter15_538851683141304320,762
twitter15_538861627018579968,763
twitter15_538900739880665088,764
twitter15_538930446814703616,765
twitter15_538975342011363328,766
twitter15_539052152602107904,767
twitter15_539115704285270017,768
twitter15_539254751343681536,769
twitter15_539658034382123008,770
twitter15_539799806039052288,771
twitter15_539813330983354368,772
twitter15_539833716852273152,773
twitter15_540333359793451008,774
twitter15_540643709465812992,775
twitter15_542320823915536384,776
twitter15_542423103834296323,777
twitter15_542600886653292545,778
twitter15_542860306603868160,779
twitter15_543319210659971073,780
twitter15_543436472842334209,781
twitter15_543443188934250496,782
twitter15_543586319168196608,783
twitter15_544154048950435840,784
twitter15_544287209730236416,785
twitter15_544306719686656000,786
twitter15_544328894812549121,787
twitter15_544333764814323713,788
twitter15_544457299667202048,789
twitter15_544510450101415936,790
twitter15_544512910538838016,791
twitter15_544514570367168512,792
twitter15_544523550519218176,793
twitter15_544567299102244864,794
twitter15_544698560655400961,795
twitter15_544939287222165506,796
twitter15_545271117355958272,797
twitter15_546028163134808064,798
twitter15_547101266313089024,799
twitter15_547158281005719552,800
twitter15_547509900130021377,801
twitter15_547514662695469057,802
twitter15_547525843749470208,803
twitter15_547587399728267264,804
twitter15_547670441754914816,805
twitter15_547803254516490240,806
twitter15_547807913671405568,807
twitter15_548672230134382592,808
twitter15_549124560793374720,809
twitter15_549599086073368576,810
twitter15_549920761423863808,811
twitter15_549927969032916993,812
twitter15_549964632883232768,813
twitter15_549975297160802304,814
twitter15_549998575330275330,815
twitter15_550003619303788545,816
twitter15_550038665653542913,817
twitter15_550095745161134080,818
twitter15_550131732805328896,819
twitter15_550175324634619904,820
twitter15_550279538278543360,821
twitter15_550284252672450560,822
twitter15_551082055883563008,823
twitter15_551097831851687938,824
twitter15_551099691702956032,825
twitter15_551103664124100608,826
twitter15_551106793959862272,827
twitter15_551106923601219585,828
twitter15_551117430345711616,829
twitter15_551120768164462592,830
twitter15_551123464640536576,831
twitter15_551128385850601472,832
twitter15_551135925862805504,833
twitter15_551159366876147714,834
twitter15_551575491430211584,835
twitter15_551942365901250560,836
twitter15_552112474913136641,837
twitter15_552146635707666433,838
twitter15_552457656666185728,839
twitter15_552498516225179650,840
twitter15_552568163431247873,841
twitter15_552615631246622721,842
twitter15_552661209204260864,843
twitter15_552677176873455616,844
twitter15_552706985087361025,845
twitter15_552810448324943872,846
twitter15_552816020403269632,847
twitter15_552821069036670976,848
twitter15_552848620375261184,849
twitter15_553008832784642048,850
twitter15_553016500492439552,851
twitter15_553040930144792576,852
twitter15_553061846081896449,853
twitter15_553098571323437056,854
twitter15_553099685888790528,855
twitter15_553103772852191233,856
twitter15_553115168084074497,857
twitter15_553115236992290816,858
twitter15_553136604882014208,859
twitter15_553164985460068352,860
twitter15_553169307824177152,861
twitter15_553184482241814530,862
twitter15_553186555150749696,863
twitter15_553190393370923008,864
twitter15_553212962044149761,865
twitter15_553228463998783488,866
twitter15_553264892799488000,867
twitter15_553271856786968576,868
twitter15_553461741917863936,869
twitter15_553467311261503488,870
twitter15_553470492565602305,871
twitter15_553474188259102720,872
twitter15_553501357156876290,873
twitter15_553503184174710784,874
twitter15_553505242554175489,875
twitter15_553518472798683136,876
twitter15_553538058440941568,877
twitter15_553544252563935234,878
twitter15_553548567420628992,879
twitter15_553549686129561600,880
twitter15_553550301886955520,881
twitter15_553575232867672064,882
twitter15_553576010898497536,883
twitter15_553579224402235393,884
twitter15_553960736964476928,885
twitter15_554343513887105024,886
twitter15_554597409351671808,887
twitter15_554655549896159233,888
twitter15_554688527435563008,889
twitter15_554722567224049664,890
twitter15_554886875303780352,891
twitter15_554958414905094144,892
twitter15_554979642210549760,893
twitter15_555003887753494528,894
twitter15_555072815154475008,895
twitter15_556541489388724224,896
twitter15_556873675941896193,897
twitter15_557621135320178688,898
twitter15_557885928417816576,899
twitter15_558312304753016832,900
twitter15_559787890402541568,901
twitter15_559863517151784960,902
twitter15_560133068670140417,903
twitter15_560163341524807680,904
twitter15_560187970389819392,905
twitter15_560207034545889281,906
twitter15_560414522758799361,907
twitter15_560442390805090307,908
twitter15_560474897013415936,909
twitter15_560873850846846978,910
twitter15_561280944045576192,911
twitter15_561952533942661120,912
twitter15_562090534945431552,913
twitter15_562093717201616896,914
twitter15_562256876763901953,915
twitter15_562313802369073153,916
twitter15_562387516964491265,917
twitter15_563117355254161408,918
twitter15_563123548857053184,919
twitter15_565999191982616577,920
twitter15_566089610485579776,921
twitter15_566999951449001984,922
twitter15_567596847330373632,923
twitter15_567765185407234049,924
twitter15_568075025418317826,925
twitter15_568452856224747520,926
twitter15_568568737621630977,927
twitter15_568571403756294144,928
twitter15_568580363339091968,929
twitter15_568589712644026368,930
twitter15_568905632998412288,931
twitter15_569908998717243392,932
twitter15_570341828479725570,933
twitter15_570405783306944514,934
twitter15_571052823665704960,935
twitter15_572002458647412736,936
twitter15_574004164570841088,937
twitter15_574062768896212992,938
twitter15_576319832800555008,939
twitter15_576513463738109954,940
twitter15_576829262927413248,941
twitter15_580320684305416192,942
twitter15_580325090367315968,943
twitter15_616686132387028992,944
twitter15_621025025806577664,945
twitter15_633397936563560449,946
twitter15_640118021101604864,947
twitter15_640182854928961536,948
twitter15_641665203046907904,949
twitter15_643807909856415744,950
twitter15_644321231618076673,951
twitter15_648993731169939456,952
twitter15_650254360727973889,953
twitter15_650710483289419776,954
twitter15_650952376954650629,955
twitter15_650975967146602496,956
twitter15_651044059222556674,957
twitter15_651486105628463105,958
twitter15_651786568592658433,959
twitter15_651809229842608128,960
twitter15_651858133304782848,961
twitter15_652300118205427716,962
twitter15_652349108653551616,963
twitter15_652982112870662144,964
twitter15_653285570383335424,965
twitter15_653432177632387072,966
twitter15_655432919595548672,967
twitter15_655812191233417216,968
twitter15_655815788675399680,969
twitter15_656361703664451585,970
twitter15_658755852199927808,971
twitter15_658938136299511808,972
twitter15_661184793342775296,973
twitter15_663744139666804736,974
twitter15_665302351742275584,975
twitter15_665317131597291520,976
twitter15_665498651742085124,977
twitter15_670380354822348801,978
twitter15_674713782778654721,979
twitter15_675434959939756032,980
twitter15_676586804242309121,981
twitter15_676970570160988160,982
twitter15_677950378785271808,983
twitter15_678277910537588737,984
twitter15_678733118648524800,985
twitter15_682548344690970624,986
twitter15_682629960826224646,987
twitter15_683158807959089152,988
twitter15_683731779342188545,989
twitter15_684118654418419712,990
twitter15_684488313512800256,991
twitter15_684878165714563072,992
twitter15_685232704774787072,993
twitter15_685473149291479040,994
twitter15_685633217160998912,995
twitter15_686421576904916992,996
twitter15_686422922894815233,997
twitter15_686493272806576128,998
twitter15_686527768327274497,999
twitter15_686701278785843200,1000
twitter15_687617323235147776,1001
twitter15_687617735833026560,1002
twitter15_687630364936957952,1003
twitter15_687631811560763392,1004
twitter15_687632433483759616,1005
twitter15_687639526282498049,1006
twitter15_687673284436082689,1007
twitter15_687674548712505346,1008
twitter15_687734662249246724,1009
twitter15_687766167558164481,1010
twitter15_687786822475366401,1011
twitter15_687911282922631168,1012
twitter15_687945926774800385,1013
twitter15_687956181646753792,1014
twitter15_688027085730897921,1015
twitter15_688096910217879554,1016
twitter15_688110059553861634,1017
twitter15_688147918113538049,1018
twitter15_688281442162352128,1019
twitter15_688437279405305856,1020
twitter15_688441130271289350,1021
twitter15_688461902821855232,1022
twitter15_688502260779843587,1023
twitter15_688520025754304512,1024
twitter15_688751183645782016,1025
twitter15_688752484966363136,1026
twitter15_688757736310484994,1027
twitter15_688763099298529280,1028
twitter15_688763993633107968,1029
twitter15_688814621034213376,1030
twitter15_688932211714818048,1031
twitter15_689100941119848449,1032
twitter15_689103487880310785,1033
twitter15_689208632148365314,1034
twitter15_689214940679409664,1035
twitter15_689236842454106113,1036
twitter15_689529955294777344,1037
twitter15_689549346875031552,1038
twitter15_689555819059351552,1039
twitter15_689650617464311813,1040
twitter15_689694470779097088,1041
twitter15_689719109785907200,1042
twitter15_689722724470620161,1043
twitter15_689798164287741953,1044
twitter15_689799953330368513,1045
twitter15_689833530197671936,1046
twitter15_689853056440221696,1047
twitter15_689922870689009664,1048
twitter15_690137637810761728,1049
twitter15_690145844318834689,1050
twitter15_690174644071047168,1051
twitter15_690252631822864384,1052
twitter15_690296550803636224,1053
twitter15_690431187916099584,1054
twitter15_690522824797196288,1055
twitter15_690567125128351744,1056
twitter15_690670464440504320,1057
twitter15_690676539323740161,1058
twitter15_690680310061756416,1059
twitter15_690915657106526208,1060
twitter15_690920430287331328,1061
twitter15_690926324903317504,1062
twitter15_690954487322796032,1063
twitter15_690985215691354112,1064
twitter15_691006265137299456,1065
twitter15_691027026552229888,1066
twitter15_691064699853606913,1067
twitter15_691206970074738688,1068
twitter15_691299810553384960,1069
twitter15_691327238353129472,1070
twitter15_691351064868732928,1071
twitter15_691380138710306816,1072
twitter15_691380348379201536,1073
twitter15_691410231549530112,1074
twitter15_691564354567798784,1075
twitter15_691600834707247104,1076
twitter15_691616143161819136,1077
twitter15_691632933170450435,1078
twitter15_691656866972209152,1079
twitter15_691667941314662400,1080
twitter15_691700082601758720,1081
twitter15_691791477912014850,1082
twitter15_691809004356501505,1083
twitter15_691889802724118532,1084
twitter15_691976624665919488,1085
twitter15_691986377584549888,1086
twitter15_692004901455556608,1087
twitter15_692023417575448576,1088
twitter15_692024256520179712,1089
twitter15_692031224227958789,1090
twitter15_692031514943582208,1091
twitter15_692046121250586624,1092
twitter15_692047663211085825,1093
twitter15_692056985513123840,1094
twitter15_692063305297453060,1095
twitter15_692082337333534720,1096
twitter15_692098463262216192,1097
twitter15_692099058811453440,1098
twitter15_692105324111761408,1099
twitter15_692113799546048513,1100
twitter15_692113839387709444,1101
twitter15_692127290998784001,1102
twitter15_692134022839955456,1103
twitter15_692134721195786240,1104
twitter15_692142338890661888,1105
twitter15_692190570140340229,1106
twitter15_692217618778972161,1107
twitter15_692267960686284800,1108
twitter15_692287441168900097,1109
twitter15_692290126282649601,1110
twitter15_692332739824095234,1111
twitter15_692336523090509824,1112
twitter15_692357775859564544,1113
twitter15_692364468442021889,1114
twitter15_692374052082708480,1115
twitter15_692376812022792196,1116
twitter15_692382471061663744,1117
twitter15_692391757775028228,1118
twitter15_692405195796529152,1119
twitter15_692423131726749697,1120
twitter15_692440373449396224,1121
twitter15_692451275930234880,1122
twitter15_692453106622275585,1123
twitter15_692463948076093440,1124
twitter15_692472216135569409,1125
twitter15_692491478619262976,1126
twitter15_692497796956561408,1127
twitter15_692506143147606016,1128
twitter15_692510002586714113,1129
twitter15_692528931459694592,1130
twitter15_692537942439501824,1131
twitter15_692566765822435328,1132
twitter15_692581635594694658,1133
twitter15_692688891174739968,1134
twitter15_692692529779707904,1135
twitter15_692707593991643136,1136
twitter15_692709993573789701,1137
twitter15_692727606718824448,1138
twitter15_692734579141185536,1139
twitter15_692735354240114688,1140
twitter15_692736398462300162,1141
twitter15_692742353736568833,1142
twitter15_692745208421679104,1143
twitter15_692745861978263552,1144
twitter15_692746621218656258,1145
twitter15_692747901815119872,1146
twitter15_692748204064927745,1147
twitter15_692759090469212160,1148
twitter15_692764799315398656,1149
twitter15_692765809425408000,1150
twitter15_692780496590254081,1151
twitter15_692792765852286977,1152
twitter15_692800345274241025,1153
twitter15_692812029611089920,1154
twitter15_692816955837804544,1155
twitter15_692818857187213313,1156
twitter15_692838349036326912,1157
twitter15_692840850141753347,1158
twitter15_692842124841123842,1159
twitter15_692854695262445568,1160
twitter15_692881863644282880,1161
twitter15_692892472729415680,1162
twitter15_692922211338981377,1163
twitter15_692924229017309184,1164
twitter15_692925163994796033,1165
twitter15_692927739066740741,1166
twitter15_692932696645865472,1167
twitter15_692946556396244992,1168
twitter15_693032076543655936,1169
twitter15_693056396250652672,1170
twitter15_693068611951300608,1171
twitter15_693071700200722433,1172
twitter15_693079616072880128,1173
twitter15_693082547664883712,1174
twitter15_693083689098477568,1175
twitter15_693087256727388161,1176
twitter15_693091255685787648,1177
twitter15_693098795022725120,1178
twitter15_693102023764492288,1179
twitter15_693102420688121856,1180
twitter15_693107789007339521,1181
twitter15_693116426824093696,1182
twitter15_693118410444636161,1183
twitter15_693121477491757056,1184
twitter15_693122199536934912,1185
twitter15_693122701569974273,1186
twitter15_693123067204243456,1187
twitter15_693125234317086720,1188
twitter15_693126696132804608,1189
twitter15_693131575261659137,1190
twitter15_693136527816331264,1191
twitter15_693139276708585472,1192
twitter15_693140568143220736,1193
twitter15_693160939802214400,1194
twitter15_693162950358622208,1195
twitter15_693185488644149248,1196
twitter15_693198912660885505,1197
twitter15_693204483501887488,1198
twitter15_693204708933160960,1199
twitter15_693214543615561729,1200
twitter15_693216311502073856,1201
twitter15_693217698482933760,1202
twitter15_693234925252775936,1203
twitter15_693236688538243074,1204
twitter15_693239731031683072,1205
twitter15_693240976970752004,1206
twitter15_693272659447119873,1207
twitter15_693284114724700160,1208
twitter15_693344498953383936,1209
twitter15_693355140284334081,1210
twitter15_693408117225299968,1211
twitter15_693411834808946688,1212
twitter15_693443289370882049,1213
twitter15_693452449173086210,1214
twitter15_693456340790804480,1215
twitter15_693456387880402944,1216
twitter15_693457310824468480,1217
twitter15_693459931022913536,1218
twitter15_693465666259656705,1219
twitter15_693476901772513280,1220
twitter15_693481256735150082,1221
twitter15_693484841011060737,1222
twitter15_693485676881403905,1223
twitter15_693487871806689280,1224
twitter15_693490132440129536,1225
twitter15_693492159635443714,1226
twitter15_693492349142433792,1227
twitter15_693501482721681408,1228
twitter15_693509689418588160,1229
twitter15_693512850539683842,1230
twitter15_693523133920342016,1231
twitter15_693524179597955072,1232
twitter15_693533469922693120,1233
twitter15_693534177694609409,1234
twitter15_693537938425171968,1235
twitter15_693549273468764160,1236
twitter15_693554007785234432,1237
twitter15_693554344298467328,1238
twitter15_693560600471863296,1239
twitter15_693573042111270912,1240
twitter15_693594331735683072,1241
twitter15_693595814401327104,1242
twitter15_693600369281253376,1243
twitter15_693605375803813889,1244
twitter15_693618217667928068,1245
twitter15_693622130735484929,1246
twitter15_693629063932596224,1247
twitter15_693629498177253376,1248
twitter15_693631772639145984,1249
twitter15_693643778033344512,1250
twitter15_693658242044542976,1251
twitter15_693662456393134080,1252
twitter15_693670046497935361,1253
twitter15_693673606279229440,1254
twitter15_693676692309700609,1255
twitter15_693686290408181760,1256
twitter15_693696168908423168,1257
twitter15_693711272014155776,1258
twitter15_693718533239365633,1259
twitter15_693722259740069889,1260
twitter15_693729678306189313,1261
twitter15_693769968199061504,1262
twitter15_693785810311778304,1263
twitter15_693792605755285504,1264
twitter15_693795905049329664,1265
twitter15_693802524579618816,1266
twitter15_693803472806760448,1267
twitter15_693804630615166977,1268
twitter15_693806234026188801,1269
twitter15_693807822971236353,1270
twitter15_693821069879160832,1271
twitter15_693822949456007169,1272
twitter15_693824042164436992,1273
twitter15_693830499047989248,1274
twitter15_693853982293254144,1275
twitter15_693855615618322432,1276
twitter15_693866093123915776,1277
twitter15_693873151659249669,1278
twitter15_693899062098137088,1279
twitter15_693912520923295745,1280
twitter15_693916809125351425,1281
twitter15_693921710383337472,1282
twitter15_693925198630821889,1283
twitter15_693926742814281729,1284
twitter15_693934062445187072,1285
twitter15_697992796565741569,1286
twitter15_699252269414354944,1287
twitter15_701175292937707520,1288
twitter15_701514249269542912,1289
twitter15_701539698452393986,1290
twitter15_701975210044497921,1291
twitter15_703234354579898368,1292
twitter15_705092738224525312,1293
twitter15_705093513076015104,1294
twitter15_706665777332621314,1295
twitter15_706933939953344514,1296
twitter15_707300612862566400,1297
twitter15_707305999971921920,1298
twitter15_707308274270539777,1299
twitter15_707310135291416576,1300
twitter15_707321278135463936,1301
twitter15_707332312724283392,1302
twitter15_707405809181917184,1303
twitter15_707412869860696064,1304
twitter15_707420972173955072,1305
twitter15_707786906189303808,1306
twitter15_711994705333112832,1307
twitter15_712223438698627073,1308
twitter15_714503380476026880,1309
twitter15_714531423273746432,1310
twitter15_714555825122107392,1311
twitter15_714560810266132480,1312
twitter15_714598641827246081,1313
twitter15_714755546285477888,1314
twitter15_714811995573325828,1315
twitter15_714851393861881857,1316
twitter15_714998347111669760,1317
twitter15_715253497462145024,1318
twitter15_715254040289021952,1319
twitter15_715255507506892800,1320
twitter15_715268937873760256,1321
twitter15_715515982584881152,1322
twitter15_715671763808493569,1323
twitter15_716092408920936448,1324
twitter15_716416753409081344,1325
twitter15_716424773216022530,1326
twitter15_716439952922312704,1327
twitter15_716448280201269248,1328
twitter15_716451800581279744,1329
twitter15_716457799392342018,1330
twitter15_716461257025581056,1331
twitter15_717081129627553792,1332
twitter15_722885778448121857,1333
twitter15_723365789378584578,1334
twitter15_723477822950395904,1335
twitter15_723511860516016128,1336
twitter15_723521076446142465,1337
twitter15_723644048867774464,1338
twitter15_723772395211862016,1339
twitter15_724320681517670400,1340
twitter15_724348906096590849,1341
twitter15_724603564946010112,1342
twitter15_724624672604610562,1343
twitter15_724661834419048448,1344
twitter15_724703995147751424,1345
twitter15_725983128444129280,1346
twitter15_726043971911213057,1347
twitter15_726086935903494144,1348
twitter15_726190016435728385,1349
twitter15_726442550266044416,1350
twitter15_727116900983934976,1351
twitter15_727172374999666688,1352
twitter15_727179214546456577,1353
twitter15_727187859367546880,1354
twitter15_727588444000526336,1355
twitter15_727623131494387714,1356
twitter15_727834854931435522,1357
twitter15_727854332188577792,1358
twitter15_727966590084485120,1359
twitter15_727982226290442240,1360
twitter15_728013148788154368,1361
twitter15_728038172270198787,1362
twitter15_728101712762834944,1363
twitter15_728207861050970112,1364
twitter15_728273551883534336,1365
twitter15_728625967921401856,1366
twitter15_728631482722308096,1367
twitter15_729647367457230850,1368
twitter15_730516765525082112,1369
twitter15_730939370765754368,1370
twitter15_731166399389962242,1371
twitter15_732004388181434368,1372
twitter15_732971411157880832,1373
twitter15_733242244522725376,1374
twitter15_740748123581087745,1375
twitter15_740791134146965504,1376
twitter15_741995157969592321,1377
twitter15_742012307694223361,1378
twitter15_742050150307246080,1379
twitter15_742055437932040193,1380
twitter15_742114513726623744,1381
twitter15_742571519105077248,1382
twitter15_742678930516123650,1383
twitter15_743058135300988932,1384
twitter15_743126914794037248,1385
twitter15_744390771869102080,1386
twitter15_745236050407194624,1387
twitter15_745365403237376000,1388
twitter15_747275598347837440,1389
twitter15_747443219487678464,1390
twitter15_748543642323783681,1391
twitter15_748558349139058688,1392
twitter15_748640007934590976,1393
twitter15_749286768554438658,1394
twitter15_751856580874960897,1395
twitter15_752875379765968897,1396
twitter15_752965545528528898,1397
twitter15_755447443009916929,1398
twitter15_755475529294352385,1399
twitter15_755523157700648960,1400
twitter15_755548076438196225,1401
twitter15_756282236375277568,1402
twitter15_757190314880884736,1403
twitter15_757367391202471937,1404
twitter15_757450526153900032,1405
twitter15_757748522481491968,1406
twitter15_758825535480864769,1407
twitter15_759653274605740032,1408
twitter15_760109079133990912,1409
twitter15_760120409429643266,1410
twitter15_760928376668454912,1411
twitter15_761027420849745920,1412
twitter15_761355585724055553,1413
twitter15_761381302260031489,1414
twitter15_761675705956655109,1415
twitter15_762775964224847872,1416
twitter15_763404633217835009,1417
twitter15_763428684850094080,1418
twitter15_763430916236640256,1419
twitter15_763524712853102596,1420
twitter15_763738618573623297,1421
twitter15_763896522790440960,1422
twitter15_764158239089029120,1423
twitter15_764368020391223296,1424
twitter15_764449685897568256,1425
twitter15_764473554431725568,1426
twitter15_764505291853627392,1427
twitter15_764573523713011713,1428
twitter15_764620072228970496,1429
twitter15_764653644138450945,1430
twitter15_764753085675761664,1431
twitter15_765141361033109504,1432
twitter15_765631087867367426,1433
twitter15_765735409984806912,1434
twitter15_765863022506151937,1435
twitter15_765887221736046592,1436
twitter15_765934198297362432,1437
twitter15_766299560415223808,1438
twitter15_766299795833102336,1439
twitter15_766307327922335745,1440
twitter15_766316494695305218,1441
twitter15_766358933296517121,1442
twitter15_766452700049473536,1443
twitter15_766638613320859648,1444
twitter15_766719302401613825,1445
twitter15_766789709045518336,1446
twitter15_766808183696351233,1447
twitter15_766989078294306816,1448
twitter15_767068504277344260,1449
twitter15_767094580634202112,1450
twitter15_767154835993063425,1451
twitter15_767170849472405508,1452
twitter15_767218194385866752,1453
twitter15_767223774072676354,1454
twitter15_767300637012951040,1455
twitter15_767330549262278658,1456
twitter15_767355611277168642,1457
twitter15_767355933919997952,1458
twitter15_767360696761905153,1459
twitter15_767444114229059584,1460
twitter15_767462297270968321,1461
twitter15_767463109778894848,1462
twitter15_767482587879051265,1463
twitter15_767515401831997440,1464
twitter15_767520433247809536,1465
twitter15_767528171520524288,1466
twitter15_767580827513397252,1467
twitter15_767668607803359234,1468
twitter15_767710245779103744,1469
twitter15_767715489485205505,1470
twitter15_767715524222578688,1471
twitter15_767737100347191297,1472
twitter15_767768054163996672,1473
twitter15_767823175480647681,1474
twitter15_767845555313774593,1475
twitter15_774833492865593344,1476
twitter15_775672628493357057,1477
twitter15_778299287293816832,1478
twitter15_778530869208190976,1479
twitter15_778572032531427332,1480
twitter15_778625026144792577,1481
twitter15_778681502825451520,1482
twitter15_778689027918618625,1483
twitter15_778949749156245504,1484
twitter15_780436430732525569,1485
twitter15_780882510645370880,1486
twitter15_80080680482123777,1487
twitter15_80084555733803009,1488
twitter15_91728807081426944,1489
twitter16_498430783699554305,1490
twitter16_500378223977721856,1491
twitter16_524922729485848576,1492
twitter16_524923462398513152,1493
twitter16_524923676484177920,1494
twitter16_524925050739490816,1495
twitter16_524925215235911680,1496
twitter16_524925987239120897,1497
twitter16_524926235030589440,1498
twitter16_524931324763992064,1499
twitter16_524932935137628160,1500
twitter16_524935485370929152,1501
twitter16_524936872666353664,1502
twitter16_524941132237910016,1503
twitter16_524942470472548352,1504
twitter16_524943490887991296,1505
twitter16_524944399890124801,1506
twitter16_524947674164760577,1507
twitter16_524952883343925249,1508
twitter16_524959809402331137,1509
twitter16_524962142563610625,1510
twitter16_524965775036387329,1511
twitter16_524966904885428226,1512
twitter16_524969201102901248,1513
twitter16_524975705206304769,1514
twitter16_524980744658382848,1515
twitter16_524995771587108864,1516
twitter16_525019752507658240,1517
twitter16_525023025792835585,1518
twitter16_525025279803424768,1519
twitter16_525025463648137216,1520
twitter16_525028734991343617,1521
twitter16_525049639016615937,1522
twitter16_525056576038518785,1523
twitter16_525058976376193024,1524
twitter16_525060425184858112,1525
twitter16_525068915068923904,1526
twitter16_544268732046913536,1527
twitter16_544269749405097984,1528
twitter16_544271284796784640,1529
twitter16_544271362022338560,1530
twitter16_544274934835707905,1531
twitter16_544277117039837184,1532
twitter16_544278335455776769,1533
twitter16_544278985249550337,1534
twitter16_544282005941530624,1535
twitter16_544282227035869184,1536
twitter16_544283772569788416,1537
twitter16_544289311504355328,1538
twitter16_544289409294553088,1539
twitter16_544289941996326912,1540
twitter16_544290258951892992,1541
twitter16_544291804057960448,1542
twitter16_544291965513134080,1543
twitter16_544301453717041152,1544
twitter16_544305540286148609,1545
twitter16_544314234541469696,1546
twitter16_544319274072817664,1547
twitter16_544319832486064128,1548
twitter16_544324444773433348,1549
twitter16_544329935943237632,1550
twitter16_544350567183556608,1551
twitter16_544350712365207552,1552
twitter16_544352727971954690,1553
twitter16_544358533819420672,1554
twitter16_544358564484378624,1555
twitter16_544367462012432384,1556
twitter16_544374511194632192,1557
twitter16_544380742076088320,1558
twitter16_544381485591982083,1559
twitter16_544382892378714113,1560
twitter16_544391176137089024,1561
twitter16_544391533240516608,1562
twitter16_544399927045283840,1563
twitter16_544476808566276097,1564
twitter16_544491151118860289,1565
twitter16_544504183341064192,1566
twitter16_544511199702822913,1567
twitter16_544512108885725184,1568
twitter16_544512664769396736,1569
twitter16_544512676643500033,1570
twitter16_544513524438155264,1571
twitter16_544514564407427072,1572
twitter16_544515538383564801,1573
twitter16_544517264054423552,1574
twitter16_544518335019229184,1575
twitter16_544520042810200064,1576
twitter16_544520273718812672,1577
twitter16_552783667052167168,1578
twitter16_552785375161499649,1579
twitter16_552791196247269378,1580
twitter16_552791578893619200,1581
twitter16_552792544132997121,1582
twitter16_552792802309181440,1583
twitter16_552792913910833152,1584
twitter16_552793679082311680,1585
twitter16_552802654641225728,1586
twitter16_552805488631758849,1587
twitter16_552806757672964097,1588
twitter16_552811386259386370,1589
twitter16_552832817089236992,1590
twitter16_552834961762709505,1591
twitter16_552984502063337472,1592
twitter16_553107921081749504,1593
twitter16_553160652567498752,1594
twitter16_553221600955621376,1595
twitter16_553476490315431937,1596
twitter16_553476880339599360,1597
twitter16_553506608203169792,1598
twitter16_553508098825261056,1599
twitter16_553512735192141826,1600
twitter16_553531413459660800,1601
twitter16_553534838880608256,1602
twitter16_553535829017370625,1603
twitter16_553543369604210689,1604
twitter16_553544694765215745,1605
twitter16_553558982476828674,1606
twitter16_553566026030272512,1607
twitter16_553586860334010368,1608
twitter16_553586897168392192,1609
twitter16_553587013409325058,1610
twitter16_553587303172833280,1611
twitter16_553587672137334785,1612
twitter16_553588178687655936,1613
twitter16_553589051044151296,1614
twitter16_553590459688570880,1615
twitter16_553590835850514433,1616
twitter16_580324027715063808,1617
twitter16_580348081100734464,1618
twitter16_594687353937100801,1619
twitter16_600451916414484480,1620
twitter16_604354747357859842,1621
twitter16_604625816992002049,1622
twitter16_604642913188872192,1623
twitter16_611039775856812032,1624
twitter16_612438528803213312,1625
twitter16_612646796355960832,1626
twitter16_612741808125120513,1627
twitter16_612841482823729152,1628
twitter16_613016993692798977,1629
twitter16_613023744454475776,1630
twitter16_613061089518034944,1631
twitter16_613114185505996802,1632
twitter16_613194145423826944,1633
twitter16_613294443878305796,1634
twitter16_613362193787129860,1635
twitter16_613393657161510913,1636
twitter16_613404935003217920,1637
twitter16_613425834301485056,1638
twitter16_614054616154550273,1639
twitter16_614467824313106432,1640
twitter16_614494170590367744,1641
twitter16_614494460747997184,1642
twitter16_614593386188828672,1643
twitter16_614593989203886080,1644
twitter16_614594195479752704,1645
twitter16_614594259900080128,1646
twitter16_614594667225571328,1647
twitter16_614595106906226688,1648
twitter16_614595181845839873,1649
twitter16_614599587362414592,1650
twitter16_614599619310407680,1651
twitter16_614599815280857088,1652
twitter16_614601139422633984,1653
twitter16_614604054552018944,1654
twitter16_614604580601597953,1655
twitter16_614605997953404929,1656
twitter16_614607711368519680,1657
twitter16_614608936491188225,1658
twitter16_614609560658161664,1659
twitter16_614610102927147008,1660
twitter16_614610364702044164,1661
twitter16_614610920782888960,1662
twitter16_614614133410033664,1663
twitter16_614615157730357248,1664
twitter16_614616994499788800,1665
twitter16_614617234942656512,1666
twitter16_614618682543616000,1667
twitter16_614620298877513729,1668
twitter16_614624331717545984,1669
twitter16_614626710248534016,1670
twitter16_614628136634949632,1671
twitter16_614628865353351168,1672
twitter16_614638036593299456,1673
twitter16_614645853291155457,1674
twitter16_614648099542204416,1675
twitter16_614650850393391104,1676
twitter16_614671961801785344,1677
twitter16_614702244001382400,1678
twitter16_614790312955904000,1679
twitter16_614891047886434304,1680
twitter16_615346611955183616,1681
twitter16_615494435074363392,1682
twitter16_615592870540488704,1683
twitter16_615689290706595840,1684
twitter16_615840865815298048,1685
twitter16_616311563071434753,1686
twitter16_616421546702336000,1687
twitter16_616481759329427456,1688
twitter16_616765822095261700,1689
twitter16_618192748735299584,1690
twitter16_618449248179191808,1691
twitter16_618804516578680832,1692
twitter16_618805892222468096,1693
twitter16_619242759359037440,1694
twitter16_620367840902782976,1695
twitter16_620835698514464768,1696
twitter16_620916279608651776,1697
twitter16_620971220301787136,1698
twitter16_622858454949040128,1699
twitter16_622891631293935616,1700
twitter16_623533663947517952,1701
twitter16_623599854661541888,1702
twitter16_623818627054206977,1703
twitter16_626516248206135296,1704
twitter16_626546123713474560,1705
twitter16_626642648179159040,1706
twitter16_626739062792032256,1707
twitter16_626770498328895488,1708
twitter16_626897206717624320,1709
twitter16_626898253900943360,1710
twitter16_626901072209121282,1711
twitter16_627828211003469825,1712
twitter16_628045645010608128,1713
twitter16_628319096606732290,1714
twitter16_628336948810268673,1715
twitter16_628604055644934144,1716
twitter16_628681462976528384,1717
twitter16_629209452793626624,1718
twitter16_629503919098429440,1719
twitter16_631388553801564160,1720
twitter16_632377165477191680,1721
twitter16_633823543541768192,1722
twitter16_633949800761700352,1723
twitter16_633961125126668288,1724
twitter16_634404792241143809,1725
twitter16_634665777400950784,1726
twitter16_634943791934406657,1727
twitter16_635632641635667968,1728
twitter16_636925368927064064,1729
twitter16_637382230394822656,1730
twitter16_637868242560638980,1731
twitter16_637873886072320001,1732
twitter16_638047610973089793,1733
twitter16_638050997340893184,1734
twitter16_640107106943766528,1735
twitter16_640118021101604864,1736
twitter16_640182854928961536,1737
twitter16_640644123339431936,1738
twitter16_640967537178472448,1739
twitter16_641050980985999360,1740
twitter16_641082932740947972,1741
twitter16_641088973717110784,1742
twitter16_641191076716417025,1743
twitter16_641430951403343872,1744
twitter16_641443248909754368,1745
twitter16_641666167992647681,1746
twitter16_641972184412327937,1747
twitter16_642027433693171712,1748
twitter16_642145732435292160,1749
twitter16_642432477185867776,1750
twitter16_642465192408940544,1751
twitter16_643103859729166337,1752
twitter16_643139873264812032,1753
twitter16_643225207705075716,1754
twitter16_644229386149888001,1755
twitter16_644329878876237824,1756
twitter16_645356735545364480,1757
twitter16_645362146415525888,1758
twitter16_645711628046995462,1759
twitter16_647168914955243520,1760
twitter16_647169573599449088,1761
twitter16_647169726158925824,1762
twitter16_647193820812177408,1763
twitter16_647464349611589632,1764
twitter16_648310692794109952,1765
twitter16_648894687542034432,1766
twitter16_648993731169939456,1767
twitter16_649584608560832513,1768
twitter16_649881917534433280,1769
twitter16_649889459836710912,1770
twitter16_649903655160815616,1771
twitter16_649974380416618496,1772
twitter16_649985459389661184,1773
twitter16_650037735579910145,1774
twitter16_650046859537448960,1775
twitter16_650128194209730561,1776
twitter16_650254360727973889,1777
twitter16_650710483289419776,1778
twitter16_650952376954650629,1779
twitter16_650975967146602496,1780
twitter16_651018580989972480,1781
twitter16_651044059222556674,1782
twitter16_651321040119963648,1783
twitter16_651402689352351744,1784
twitter16_651486105628463105,1785
twitter16_651786568592658433,1786
twitter16_651809229842608128,1787
twitter16_651825062174195712,1788
twitter16_651959206287908868,1789
twitter16_652000523525091328,1790
twitter16_652300118205427716,1791
twitter16_652349108653551616,1792
twitter16_652783670370115585,1793
twitter16_652882609219833856,1794
twitter16_652982112870662144,1795
twitter16_652992524504600576,1796
twitter16_653250169752977408,1797
twitter16_653285570383335424,1798
twitter16_653432177632387072,1799
twitter16_653432261203750912,1800
twitter16_654336219447472128,1801
twitter16_654343805081157633,1802
twitter16_654351281260113920,1803
twitter16_654371696195993600,1804
twitter16_655080266784968705,1805
twitter16_655432919595548672,1806
twitter16_655812191233417216,1807
twitter16_655815788675399680,1808
twitter16_655986243042459648,1809
twitter16_656047932093763584,1810
twitter16_656202544331517952,1811
twitter16_656361703664451585,1812
twitter16_656523458139045889,1813
twitter16_656595123590012928,1814
twitter16_656629493377990656,1815
twitter16_656662726014599168,1816
twitter16_656811196218286080,1817
twitter16_656818921979310081,1818
twitter16_656825206045020160,1819
twitter16_656830586577883136,1820
twitter16_656834590779289600,1821
twitter16_656848877463560192,1822
twitter16_656870311057575936,1823
twitter16_656880145769197568,1824
twitter16_656955120626880512,1825
twitter16_657007736467525632,1826
twitter16_658065957823324160,1827
twitter16_658259426172891136,1828
twitter16_658462819667615744,1829
twitter16_658755852199927808,1830
twitter16_658786161733734400,1831
twitter16_658938136299511808,1832
twitter16_659428447459110912,1833
twitter16_659439879701602304,1834
twitter16_659462980476637184,1835
twitter16_660466342038867969,1836
twitter16_661102820976930816,1837
twitter16_661120256732041216,1838
twitter16_661222523275636736,1839
twitter16_661229627734667264,1840
twitter16_661251968078221312,1841
twitter16_661299012386095105,1842
twitter16_661870323034431489,1843
twitter16_662151653462790144,1844
twitter16_662381914842603520,1845
twitter16_662430295254175744,1846
twitter16_663385747177775105,1847
twitter16_663515735231062016,1848
twitter16_663722803489808384,1849
twitter16_663744139666804736,1850
twitter16_663817239896821760,1851
twitter16_663904307113275392,1852
twitter16_663925546812837888,1853
twitter16_664000310856310784,1854
twitter16_665309822208729088,1855
twitter16_665358434351509504,1856
twitter16_665361505303584774,1857
twitter16_665364878287224834,1858
twitter16_665379967757324288,1859
twitter16_665575674485211136,1860
twitter16_666051332504207360,1861
twitter16_666070802924617728,1862
twitter16_666107476526432256,1863
twitter16_666190716448587776,1864
twitter16_666335363099660288,1865
twitter16_666497286663503872,1866
twitter16_666633171325353989,1867
twitter16_666640008149925893,1868
twitter16_666810213274689537,1869
twitter16_667073349974102017,1870
twitter16_667379734343471104,1871
twitter16_667465205258051584,1872
twitter16_667487418388488192,1873
twitter16_667534186450825216,1874
twitter16_668144671772778497,1875
twitter16_668849913678209024,1876
twitter16_668872645589471232,1877
twitter16_669201837187334144,1878
twitter16_669259395902152704,1879
twitter16_669613420665159680,1880
twitter16_671181758692507648,1881
twitter16_672102358516670465,1882
twitter16_672169954016403456,1883
twitter16_672180526946656256,1884
twitter16_672219174463275008,1885
twitter16_672424512516964352,1886
twitter16_672432930426372096,1887
twitter16_672433211604013057,1888
twitter16_672488384695279616,1889
twitter16_672513234419638273,1890
twitter16_672539897899577344,1891
twitter16_672553813249826816,1892
twitter16_672632863452299264,1893
twitter16_672632899921833984,1894
twitter16_672828403016429568,1895
twitter16_672902686380003328,1896
twitter16_672906198434209792,1897
twitter16_672927317191229440,1898
twitter16_673079581520318464,1899
twitter16_673346166822694914,1900
twitter16_673581371458199552,1901
twitter16_673611867181473792,1902
twitter16_673615263040798726,1903
twitter16_673615400655970304,1904
twitter16_673664899571060736,1905
twitter16_673686233936072704,1906
twitter16_673696115305406466,1907
twitter16_673872171341447169,1908
twitter16_673984270902427650,1909
twitter16_674014933235859456,1910
twitter16_674015148382666752,1911
twitter16_674080899055546368,1912
twitter16_674187250792558592,1913
twitter16_674229534888185856,1914
twitter16_674244561519161344,1915
twitter16_674263945172119552,1916
twitter16_674301413040758785,1917
twitter16_674301960787505153,1918
twitter16_674314254732931072,1919
twitter16_674358835675549696,1920
twitter16_674364257799004160,1921
twitter16_675005503160901632,1922
twitter16_675043569367982081,1923
twitter16_675064077367005184,1924
twitter16_675065047710892033,1925
twitter16_675193315306905600,1926
twitter16_675490515748425728,1927
twitter16_676067381299576832,1928
twitter16_676094756758364160,1929
twitter16_676120162018451456,1930
twitter16_676367888543031296,1931
twitter16_676491949524713473,1932
twitter16_676586804242309121,1933
twitter16_676718762830221312,1934
twitter16_676870737932742656,1935
twitter16_676955015265837056,1936
twitter16_677099574855639044,1937
twitter16_681147789653356544,1938
twitter16_681199637387149313,1939
twitter16_681767380305985536,1940
twitter16_681824512120324096,1941
twitter16_682895395077373952,1942
twitter16_682916727282270208,1943
twitter16_682996350909157376,1944
twitter16_682999206290829312,1945
twitter16_686657138270277634,1946
twitter16_686666933949837312,1947
twitter16_687274510643511296,1948
twitter16_687409983139495939,1949
twitter16_687537772970684417,1950
twitter16_687643002240679936,1951
twitter16_687748306571804672,1952
twitter16_687984820815851521,1953
twitter16_688004802245214208,1954
twitter16_688021039322894336,1955
twitter16_688366079396163584,1956
twitter16_688428083540553728,1957
twitter16_688446106943008768,1958
twitter16_688741019979001856,1959
twitter16_688751061503442944,1960
twitter16_688752927381581824,1961
twitter16_688755462783782912,1962
twitter16_688819658057740290,1963
twitter16_689267711856263168,1964
twitter16_689641419825242112,1965
twitter16_689661418484994049,1966
twitter16_689860942671130624,1967
twitter16_689867195657101312,1968
twitter16_689890946683576322,1969
twitter16_689915847939219456,1970
twitter16_689938201193115648,1971
twitter16_690042063958732800,1972
twitter16_690106189951139840,1973
twitter16_690376107825192960,1974
twitter16_690580180805509121,1975
twitter16_690650123358093312,1976
twitter16_690680149164085248,1977
twitter16_690969315470868480,1978
twitter16_691285663522648065,1979
twitter16_691608761128067072,1980
twitter16_691632238035886081,1981
twitter16_691678576018657281,1982
twitter16_691719802499432448,1983
twitter16_691789524498845699,1984
twitter16_691995324752252930,1985
twitter16_692014905239666688,1986
twitter16_692023855926374400,1987
twitter16_692071267189395457,1988
twitter16_692078399012130816,1989
twitter16_692082592380751874,1990
twitter16_692082861525078017,1991
twitter16_692083780123783172,1992
twitter16_692106491365605376,1993
twitter16_692150118921957376,1994
twitter16_692157602554343424,1995
twitter16_692163879909064704,1996
twitter16_692368829368918017,1997
twitter16_692393375891361794,1998
twitter16_692410832307818497,1999
twitter16_692498490249891842,2000
twitter16_692516224245235712,2001
twitter16_692540218310803456,2002
twitter16_692550140754841603,2003
twitter16_692623941131722752,2004
twitter16_692630756548591616,2005
twitter16_692665281362202624,2006
twitter16_692691444046372865,2007
twitter16_692701223326056449,2008
twitter16_692702295281262593,2009
twitter16_692735698349199360,2010
twitter16_692743102432346113,2011
twitter16_692748411481780224,2012
twitter16_692752491482615808,2013
twitter16_692753210692476928,2014
twitter16_692758050378256388,2015
twitter16_692758581494599681,2016
twitter16_692796451987034113,2017
twitter16_692797856386777089,2018
twitter16_692803280238419971,2019
twitter16_692820029159653377,2020
twitter16_692826642583019521,2021
twitter16_692833140428017664,2022
twitter16_692838430783332357,2023
twitter16_692845716826300418,2024
twitter16_692874200927698945,2025
twitter16_692884886374318081,2026
twitter16_692890520960397312,2027
twitter16_692911086920667136,2028
twitter16_692925396292091905,2029
twitter16_692929779696275456,2030
twitter16_692940257134653441,2031
twitter16_693013768738115584,2032
twitter16_693041285087756288,2033
twitter16_693059995013742592,2034
twitter16_693060960001597440,2035
twitter16_693061713042771968,2036
twitter16_693071538896162816,2037
twitter16_693076140278153217,2038
twitter16_693080409282846720,2039
twitter16_693086218276474880,2040
twitter16_693086478667112448,2041
twitter16_693087220459270144,2042
twitter16_693119705469587456,2043
twitter16_693128224960856064,2044
twitter16_693129259334909952,2045
twitter16_693135382309896192,2046
twitter16_693140340367187969,2047
twitter16_693141729529184256,2048
twitter16_693146363685642240,2049
twitter16_693167683701968896,2050
twitter16_693171092555431936,2051
twitter16_693181857261719553,2052
twitter16_693185853867294721,2053
twitter16_693196937172951040,2054
twitter16_693200309955469312,2055
twitter16_693203974388895744,2056
twitter16_693265096278163456,2057
twitter16_693281966846808064,2058
twitter16_693315824132685824,2059
twitter16_693321561542127616,2060
twitter16_693402634011701248,2061
twitter16_693441093048766464,2062
twitter16_693456187036037123,2063
twitter16_693466451081060353,2064
twitter16_693466724822323200,2065
twitter16_693471161313816576,2066
twitter16_693476774462820352,2067
twitter16_693502060545703937,2068
twitter16_693528374996652032,2069
twitter16_693534670428971008,2070
twitter16_693546915892428800,2071
twitter16_693555965019492352,2072
twitter16_693571567377342466,2073
twitter16_693573781730783232,2074
twitter16_693586539562037248,2075
twitter16_693606934050684928,2076
twitter16_693641113693884416,2077
twitter16_693648675772436480,2078
twitter16_693648684857323521,2079
twitter16_693651239486263296,2080
twitter16_693691456222052352,2081
twitter16_693761289601060864,2082
twitter16_693771953648373760,2083
twitter16_693804277031157761,2084
twitter16_693811101146963968,2085
twitter16_693818562981421056,2086
twitter16_693826104633737217,2087
twitter16_693827886021767169,2088
twitter16_693840291992838147,2089
twitter16_693843042546106369,2090
twitter16_693844030589902848,2091
twitter16_693853310479155200,2092
twitter16_693857080193761285,2093
twitter16_693857551620968448,2094
twitter16_693858804279201794,2095
twitter16_693869818366287872,2096
twitter16_693893182338289664,2097
twitter16_693897857376632832,2098
twitter16_693906624776245249,2099
twitter16_693935557009801218,2100
twitter16_693939356390653952,2101
twitter16_697992796565741569,2102
twitter16_701175292937707520,2103
twitter16_701514249269542912,2104
twitter16_701539698452393986,2105
twitter16_701872343736520704,2106
twitter16_701975210044497921,2107
twitter16_703234354579898368,2108
twitter16_705092738224525312,2109
twitter16_705093513076015104,2110
twitter16_706665777332621314,2111
twitter16_706933939953344514,2112
twitter16_707300612862566400,2113
twitter16_707305999971921920,2114
twitter16_707308274270539777,2115
twitter16_707310135291416576,2116
twitter16_707321278135463936,2117
twitter16_707332312724283392,2118
twitter16_707405809181917184,2119
twitter16_707412869860696064,2120
twitter16_707420972173955072,2121
twitter16_707604196812591104,2122
twitter16_707786906189303808,2123
twitter16_711994705333112832,2124
twitter16_712223438698627073,2125
twitter16_714503380476026880,2126
twitter16_714531423273746432,2127
twitter16_714555825122107392,2128
twitter16_714560810266132480,2129
twitter16_714567472712589312,2130
twitter16_714577521992343552,2131
twitter16_714598318333042688,2132
twitter16_714598641827246081,2133
twitter16_714755546285477888,2134
twitter16_714811995573325828,2135
twitter16_714851393861881857,2136
twitter16_714998347111669760,2137
twitter16_715253497462145024,2138
twitter16_715254040289021952,2139
twitter16_715255507506892800,2140
twitter16_715256242990505984,2141
twitter16_715264793737879553,2142
twitter16_715268937873760256,2143
twitter16_715515982584881152,2144
twitter16_715671763808493569,2145
twitter16_716092408920936448,2146
twitter16_716416753409081344,2147
twitter16_716424773216022530,2148
twitter16_716439952922312704,2149
twitter16_716448280201269248,2150
twitter16_716451800581279744,2151
twitter16_716457799392342018,2152
twitter16_716461257025581056,2153
twitter16_717081129627553792,2154
twitter16_722885778448121857,2155
twitter16_723025600810766336,2156
twitter16_723198441690636288,2157
twitter16_723365789378584578,2158
twitter16_723477822950395904,2159
twitter16_723504069814444033,2160
twitter16_723511860516016128,2161
twitter16_723521076446142465,2162
twitter16_723644048867774464,2163
twitter16_723772395211862016,2164
twitter16_723915846985342976,2165
twitter16_724044187113512960,2166
twitter16_724320681517670400,2167
twitter16_724348906096590849,2168
twitter16_724603564946010112,2169
twitter16_724624672604610562,2170
twitter16_724661834419048448,2171
twitter16_724703995147751424,2172
twitter16_724939017410727938,2173
twitter16_725070832494624769,2174
twitter16_725174535897620481,2175
twitter16_725983128444129280,2176
twitter16_726043971911213057,2177
twitter16_726086935903494144,2178
twitter16_726190016435728385,2179
twitter16_726442550266044416,2180
twitter16_727116900983934976,2181
twitter16_727172374999666688,2182
twitter16_727179214546456577,2183
twitter16_727187859367546880,2184
twitter16_727588444000526336,2185
twitter16_727623131494387714,2186
twitter16_727834854931435522,2187
twitter16_727854332188577792,2188
twitter16_727966590084485120,2189
twitter16_727982226290442240,2190
twitter16_728013148788154368,2191
twitter16_728038172270198787,2192
twitter16_728101712762834944,2193
twitter16_728207861050970112,2194
twitter16_728273551883534336,2195
twitter16_728625967921401856,2196
twitter16_728627623488786433,2197
twitter16_728631482722308096,2198
twitter16_729647367457230850,2199
twitter16_730516765525082112,2200
twitter16_730939370765754368,2201
twitter16_731093044460683264,2202
twitter16_731166399389962242,2203
twitter16_732004388181434368,2204
twitter16_732971411157880832,2205
twitter16_732981604826677249,2206
twitter16_733242244522725376,2207
twitter16_740748123581087745,2208
twitter16_740791134146965504,2209
twitter16_741995157969592321,2210
twitter16_742012307694223361,2211
twitter16_742050150307246080,2212
twitter16_742055437932040193,2213
twitter16_742114513726623744,2214
twitter16_742571519105077248,2215
twitter16_742678930516123650,2216
twitter16_743058135300988932,2217
twitter16_743126914794037248,2218
twitter16_743764020679741440,2219
twitter16_744390771869102080,2220
twitter16_745236050407194624,2221
twitter16_745365403237376000,2222
twitter16_747275598347837440,2223
twitter16_747443219487678464,2224
twitter16_748543642323783681,2225
twitter16_748558349139058688,2226
twitter16_748640007934590976,2227
twitter16_749039299677417472,2228
twitter16_749286768554438658,2229
twitter16_751536167183613952,2230
twitter16_751856580874960897,2231
twitter16_752875379765968897,2232
twitter16_752965545528528898,2233
twitter16_755439197125767169,2234
twitter16_755447443009916929,2235
twitter16_755475529294352385,2236
twitter16_755523157700648960,2237
twitter16_755548076438196225,2238
twitter16_756282236375277568,2239
twitter16_756690088533393409,2240
twitter16_757190314880884736,2241
twitter16_757367391202471937,2242
twitter16_757450526153900032,2243
twitter16_757748522481491968,2244
twitter16_758825535480864769,2245
twitter16_759460236042305536,2246
twitter16_760109079133990912,2247
twitter16_760120409429643266,2248
twitter16_760928376668454912,2249
twitter16_761573188543229952,2250
twitter16_761999790892806144,2251
twitter16_762793077509464064,2252
twitter16_763428684850094080,2253
twitter16_763430916236640256,2254
twitter16_763520953619918848,2255
twitter16_763524712853102596,2256
twitter16_763738618573623297,2257
twitter16_763896522790440960,2258
twitter16_763964234774347776,2259
twitter16_764368020391223296,2260
twitter16_764497123530375169,2261
twitter16_764906140257837056,2262
twitter16_764931593303646208,2263
twitter16_765359928361922560,2264
twitter16_765612862681255936,2265
twitter16_765735409984806912,2266
twitter16_765739657908850688,2267
twitter16_765779159176077312,2268
twitter16_765859710503378944,2269
twitter16_765887221736046592,2270
twitter16_766323684076322816,2271
twitter16_766541461189832704,2272
twitter16_766568413418356736,2273
twitter16_766715993385267201,2274
twitter16_766752508312166402,2275
twitter16_766789709045518336,2276
twitter16_766808183696351233,2277
twitter16_766822417712963584,2278
twitter16_767092161716350980,2279
twitter16_767129248045948929,2280
twitter16_767203096472719364,2281
twitter16_767459987476054016,2282
twitter16_767541796410839040,2283
twitter16_767561970182598657,2284
twitter16_767698691205410816,2285
twitter16_767709416879644672,2286
twitter16_767710042816602112,2287
twitter16_767754921403899906,2288
twitter16_767803368081358848,2289
twitter16_767807335691653120,2290
twitter16_767814876433571840,2291
twitter16_767855091109863424,2292
twitter16_767859423150759936,2293
twitter16_767861179951648768,2294
twitter16_774833492865593344,2295
twitter16_775672628493357057,2296
twitter16_777710439870455808,2297
twitter16_778299287293816832,2298
twitter16_778530869208190976,2299
twitter16_778572032531427332,2300
twitter16_778625026144792577,2301
twitter16_778681502825451520,2302
twitter16_778689027918618625,2303
twitter16_778949749156245504,2304
twitter16_779633844680962048,2305
twitter16_780436430732525569,2306
twitter16_780882510645370880,2307
