user_id,user_idx
100005598,0
100136358,1
100332944,2
100531988,3
1005675566,4
1005764143,5
10070162,6
101156604,7
1012329853,8
1012376300,9
1012605522,10
1014025146,11
101532348,12
1015788055,13
1016153754,14
1016588101,15
101672591,16
101729324,17
101747128,18
101766616,19
101846740,20
101960646,21
10196452,22
1020184764,23
1020320952,24
1021025779,25
1021576988,26
10221,27
102268811,28
102269857,29
1023305808,30
1023649345,31
10236782,32
1024166370,33
102518622,34
10252962,35
1029764929,36
1031086644,37
103245828,38
103309339,39
1033925551,40
103608282,41
103750551,42
1038132061,43
1038235795,44
10386152,45
104010758,46
1040964223,47
104297073,48
104316710,49
1046074586,50
104626843,51
1047778988,52
104850722,53
1049560369,54
1049681827,55
1050329569,56
1050681528,57
1054108099,58
105503711,59
1055770154,60
105604742,61
1056388153,62
105683318,63
1057356487,64
1058005610,65
105845627,66
105857751,67
1058900713,68
105955076,69
10608212,70
106159083,71
1062510240,72
1063076700,73
1064203465,74
1064980178,75
106588190,76
1067684294,77
106788885,78
106819122,79
1068809875,80
107090979,81
1071376531,82
1071448806,83
1072323325,84
1073929814,85
1074204212,86
1075460258,87
107562348,88
1076570982,89
107663008,90
1076857674,91
1077226994,92
1077784694,93
1077970982,94
1078663723,95
1081471754,96
1084112678,97
1084217197,98
108447887,99
1084804352,100
1085475476,101
108556027,102
108593067,103
108688342,104
1087371266,105
108912964,106
1090771080,107
1091104740,108
1091626734,109
1092054368,110
1092947383,111
109553437,112
109658145,113
109854452,114
1098650130,115
1098697202,116
1099124418,117
110011661,118
110288569,119
110326401,120
1104106477,121
110581612,122
110611375,123
110724952,124
1108625665,125
110970267,126
111197718,127
111247911,128
1112486646,129
1113983916,130
1114340606,131
1115237750,132
1116228306,133
1117192483,134
1117910923,135
1119374809,136
1125389677,137
112641606,138
112651076,139
1129661486,140
1129681555,141
1130244464,142
113128420,143
11314672,144
11332012,145
113410319,146
113423378,147
113490594,148
1135218048,149
113539486,150
113647797,151
1136522773,152
113779850,153
1138178221,154
1138603242,155
1142077052,156
1144593456,157
1144637358,158
1145614250,159
114572222,160
1145739655,161
11462742,162
1146470090,163
1147100083,164
1148372244,165
1149353412,166
1152395600,167
1152564037,168
115275988,169
1152938874,170
115663436,171
115694587,172
115744814,173
1157743440,174
116032433,175
1162112953,176
116296866,177
116504222,178
11650472,179
116642061,180
116871871,181
116928591,182
1169382680,183
117194548,184
117234075,185
1173647377,186
1173824917,187
117661169,188
1176628759,189
1176640496,190
1177632823,191
117966729,192
117983479,193
1180025371,194
1182947209,195
11830,196
118403531,197
1184544560,198
118491454,199
118619214,200
1186457310,201
118680476,202
118794845,203
1191350952,204
119436853,205
119534385,206
1196838541,207
119696912,208
1198252074,209
1199547158,210
119972954,211
120025039,212
12004852,213
1201301876,214
120170244,215
120375508,216
1206091106,217
1206885618,218
120818659,219
120862070,220
1208683914,221
120959129,222
120996085,223
121158213,224
1212020275,225
1212210354,226
1213237104,227
1213293126,228
121575701,229
121639325,230
1216672014,231
1216957579,232
1217144322,233
121812371,234
121892909,235
1219359792,236
121969438,237
1219715503,238
12203692,239
1220386050,240
122061226,241
1222028304,242
122250254,243
1223608789,244
122389904,245
122397629,246
122454578,247
1225729946,248
1225907048,249
1226140092,250
1226512668,251
1227265260,252
122733486,253
122819549,254
1228576046,255
123004883,256
1231055906,257
123497720,258
1235373914,259
123628682,260
1236903174,261
123939287,262
1242171468,263
1246900826,264
1248097969,265
124896632,266
124898913,267
1250419446,268
125218969,269
1252997479,270
125299923,271
1253212004,272
125632328,273
125771211,274
1258161890,275
1258704642,276
1259393028,277
1259906438,278
1260870338,279
1264291556,280
1266323203,281
126652237,282
126665405,283
1268356501,284
1268570407,285
127222249,286
127289951,287
127493575,288
1275280032,289
1276331834,290
127643327,291
127668868,292
127678075,293
127693283,294
1279485974,295
1281691740,296
1287526376,297
128917051,298
1289848416,299
12912542,300
1291651352,301
1291770157,302
129235890,303
1293538381,304
1293972997,305
1294711250,306
129807541,307
129949447,308
130047120,309
1300669550,310
1301244769,311
1301340014,312
1301362039,313
1301899668,314
13023332,315
130408712,316
13049362,317
1305192181,318
130568334,319
1308675822,320
130977700,321
131031511,322
131042554,323
131091394,324
131186377,325
131257940,326
131582797,327
1317427970,328
131745962,329
131752497,330
1317689665,331
132011800,332
1320230766,333
132027703,334
132038306,335
132243158,336
1323616627,337
1325000900,338
132638543,339
1327639712,340
1330404805,341
1332367184,342
133243776,343
1338047336,344
133929829,345
133965772,346
134001696,347
134004640,348
1340184288,349
134268800,350
1343695878,351
1345401492,352
134628319,353
13478282,354
134868249,355
134971995,356
134978155,357
134978456,358
1349916794,359
135008854,360
1350989725,361
1353273036,362
135500753,363
1355247529,364
135565930,365
1355929668,366
1357779576,367
1358290958,368
135864208,369
1360607562,370
136151527,371
136655165,372
1367048642,373
1367203292,374
1367531,375
1367593394,376
1368782430,377
136881432,378
1369986619,379
1370913193,380
1370971824,381
1372786812,382
1373505554,383
137447314,384
137480382,385
1375526088,386
1376000150,387
1376034973,388
1377185004,389
137718722,390
137832626,391
1378409329,392
1379288282,393
1380483060,394
1381166982,395
138214798,396
1382696899,397
1382851724,398
138388479,399
1388257892,400
138859351,401
138901623,402
138912619,403
1389400022,404
139156833,405
139252369,406
1395202716,407
1399512157,408
14027452,409
1404014400,410
14058842,411
1406934018,412
1407140216,413
1407559375,414
14075928,415
1409453064,416
1409552341,417
1410243716,418
1411284846,419
14116906,420
1415149603,421
141600987,422
141605349,423
141682204,424
14173315,425
14175873,426
1417921,427
14186393,428
1418775942,429
1418920993,430
14221035,431
1422241538,432
14241527,433
14243746,434
1424470393,435
14249498,436
1426710036,437
1428794820,438
142883006,439
14293310,440
14294848,441
143115107,442
143288338,443
143438881,444
14346779,445
14359655,446
14366045,447
1436692442,448
144110656,449
1442498828,450
1442748810,451
144284113,452
144402222,453
1444148898,454
1445459683,455
144570961,456
1447399273,457
1447529352,458
14485322,459
1449488359,460
1450257787,461
1450591184,462
14511951,463
1451597376,464
1453112000,465
145518909,466
145703465,467
14577821,468
1458830137,469
1460737242,470
14609435,471
14612713,472
1462419804,473
1462694292,474
1463111,475
1463173946,476
146408874,477
1466329350,478
14669951,479
146712559,480
1467578970,481
14690573,482
1473062702,483
1473396901,484
147355294,485
1475168784,486
14752477,487
1476028855,488
14762779,489
14764623,490
14766953,491
147755710,492
1477636376,493
14780915,494
14791358,495
148007869,496
14804672,497
14811111,498
148206053,499
148234981,500
1482728275,501
1483393519,502
1486042717,503
148611577,504
1486117886,505
148699859,506
1487918514,507
1488495162,508
1488517507,509
148886933,510
1488977785,511
148908056,512
148908323,513
14893169,514
14895637,515
1491535328,516
149283816,517
14934818,518
1494027864,519
1494224671,520
14945005,521
1495747434,522
149598096,523
149621722,524
1496359592,525
1496530303,526
149656428,527
1496659987,528
149751818,529
1499838020,530
15012486,531
15027151,532
150422835,533
150653567,534
1509443935,535
1510787130,536
151185187,537
15120279,538
1512120685,539
1512247022,540
151622477,541
15164565,542
15174190,543
1518010224,544
15182798,545
1519537248,546
1520617003,547
15206951,548
15220853,549
1524857611,550
15249113,551
1525177418,552
15256095,553
15276984,554
152780763,555
15293712,556
15294551,557
1530805111,558
153132339,559
153157797,560
153218852,561
15326206,562
15328895,563
15333188,564
153405466,565
1534388407,566
1534712844,567
1535596561,568
15379196,569
153876973,570
1539063318,571
154228382,572
1543041314,573
1543436755,574
1543511718,575
15438913,576
154498853,577
1545053600,578
15452937,579
1546365578,580
15467680,581
154760948,582
15486485,583
1548710263,584
1548714900,585
1548767714,586
1549066418,587
15491360,588
1549163946,589
154918058,590
15496973,591
1549759548,592
1549877912,593
1550044500,594
155007941,595
15501576,596
1550586602,597
1550821693,598
155098724,599
1552125739,600
15549747,601
1555236642,602
15557891,603
1556747208,604
1556853488,605
15574237,606
155760878,607
155814780,608
1558492566,609
155910768,610
15593503,611
15595780,612
155998467,613
15603299,614
156044803,615
1561539391,616
1561562432,617
156166269,618
15617333,619
15640977,620
156452797,621
1564676498,622
15649636,623
15650210,624
15652824,625
156540927,626
15663023,627
15666463,628
1566650000,629
1566816938,630
156699423,631
156702369,632
157054921,633
1571535756,634
1572753211,635
1573512366,636
15754281,637
1575545688,638
15773072,639
15773724,640
15777611,641
15781594,642
15803316,643
158064102,644
158123632,645
15819729,646
15827727,647
1583223169,648
158606514,649
1586541954,650
158722780,651
1588316185,652
158846588,653
158950134,654
15896497,655
1592055570,656
15921296,657
15924321,658
1593224094,659
159447476,660
15949854,661
15951166,662
1595645839,663
1595803782,664
1596234775,665
159637267,666
15964210,667
1596488822,668
159683729,669
15968617,670
1597047817,671
15972765,672
15978380,673
15982094,674
15983306,675
15985291,676
1598812760,677
1599352140,678
15998041,679
1599946382,680
16000199,681
1602173694,682
1604791003,683
16051263,684
160589488,685
16079937,686
1608110616,687
1608494760,688
1608554078,689
16087780,690
16090774,691
1609392385,692
160975748,693
161053860,694
1610770580,695
16131748,696
1613521332,697
16142179,698
16146535,699
1615125373,700
1615256118,701
1616425044,702
16179517,703
1618641848,704
16190478,705
16207644,706
16207883,707
16229233,708
1623165288,709
162379135,710
162491255,711
162517788,712
16252960,713
1625608422,714
16256826,715
162575344,716
1626325842,717
1626605256,718
162680202,719
16272615,720
16272844,721
16279880,722
16280644,723
16285681,724
16314465,725
1631841212,726
16322041,727
16331010,728
16335102,729
16343974,730
163505280,731
16358213,732
163644726,733
16364699,734
163669203,735
163749775,736
16377693,737
1638677252,738
163892413,739
1638927296,740
163903108,741
163916109,742
163992822,743
16404646,744
16408207,745
16411611,746
1641275774,747
1642135962,748
164308569,749
1643167080,750
1643704652,751
164387354,752
1644272036,753
1646044446,754
1646145848,755
16469505,756
16474992,757
16476132,758
16478456,759
16490787,760
16495147,761
1649576676,762
16499261,763
1650694657,764
165073959,765
1650858084,766
1652541,767
1653887586,768
1654442893,769
165452390,770
165477824,771
165487635,772
16552921,773
1655392543,774
16554252,775
16569663,776
16582131,777
16585101,778
165938084,779
166001916,780
16611239,781
166329578,782
16634289,783
16634486,784
1663509385,785
166362103,786
1664059166,787
166427497,788
16645396,789
16661776,790
1666194115,791
16672155,792
16672561,793
1668666601,794
16687237,795
1668770089,796
1669120400,797
1669156675,798
1669850778,799
1669934971,800
167107711,801
16713534,802
16722647,803
167270623,804
1672962440,805
1673485380,806
16743453,807
16752148,808
1679865180,809
1679970553,810
16802422,811
168032781,812
1681390633,813
1681564178,814
1682190110,815
16843404,816
168531961,817
16857062,818
1685967536,819
1686109400,820
16868321,821
168700914,822
1688238750,823
1688811836,824
168908163,825
1691478300,826
1691497362,827
1692174140,828
169245808,829
1693894483,830
1694891797,831
169525667,832
169626752,833
169670184,834
1696937120,835
16973333,836
16974310,837
1697561382,838
1699487874,839
169980652,840
170196419,841
1702865540,842
17030149,843
1703205367,844
170359315,845
1704003433,846
170566356,847
1706150798,848
170747866,849
17082120,850
17096754,851
17099193,852
17101183,853
1710120552,854
17104559,855
1710652508,856
17109615,857
1711289454,858
1711473260,859
1712662747,860
17129511,861
1713653154,862
17138582,863
1713914143,864
1714340070,865
171656520,866
17187236,867
171908920,868
1720137344,869
17205449,870
1722907592,871
1722978956,872
17233536,873
17235735,874
1723938434,875
1724101884,876
172435270,877
17247981,878
17264634,879
17268481,880
1728932216,881
1729092451,882
17300204,883
173119648,884
1733102622,885
173591614,886
173672816,887
17372783,888
1738644181,889
17387823,890
174025101,891
174137795,892
17418411,893
17426310,894
17436585,895
17459025,896
17469289,897
174850527,898
17494767,899
17495913,900
175243720,901
175438396,902
17561562,903
175696185,904
175827858,905
175902324,906
17600254,907
176338867,908
176593152,909
176657599,910
17679507,911
176852351,912
17686959,913
17693831,914
17694306,915
17697238,916
177070701,917
177182882,918
17719592,919
17719679,920
177584156,921
17770816,922
17794589,923
17797401,924
17801749,925
17825554,926
17830132,927
178308411,928
17836555,929
178595022,930
1786566690,931
17872080,932
17885604,933
17896573,934
17903867,935
17904317,936
17907878,937
179099202,938
17915515,939
179250417,940
17931424,941
179385678,942
17970907,943
17983733,944
17985565,945
18006752,946
18008403,947
180111748,948
18011418,949
18018468,950
18025295,951
18026638,952
180317088,953
18038429,954
180876478,955
180947055,956
18098616,957
181004000,958
18122583,959
181450119,960
1819261,961
182037443,962
18205761,963
18220818,964
182265955,965
182347444,966
18244206,967
18248919,968
182506310,969
18284893,970
18294521,971
1830067706,972
18301810,973
18302658,974
18302938,975
1830885236,976
183166373,977
183283202,978
18357123,979
18367081,980
183753455,981
18378801,982
183901925,983
18393418,984
18424276,985
184321146,986
184460759,987
18459813,988
18473742,989
1848051704,990
18496526,991
1849848000,992
18500747,993
1851815635,994
185203900,995
185300816,996
185368416,997
185579226,998
185747014,999
18575039,1000
18585712,1001
1859323250,1002
1862771521,1003
186282830,1004
186287415,1005
18638542,1006
1864161151,1007
18644313,1008
18647698,1009
18649788,1010
186506052,1011
1865674987,1012
18662449,1013
186681894,1014
186700511,1015
18673125,1016
186749134,1017
18680121,1018
186818931,1019
186867756,1020
1869575251,1021
187059363,1022
187122482,1023
18714842,1024
187214222,1025
18739458,1026
187396018,1027
1874836183,1028
187657428,1029
18772094,1030
18774342,1031
18791012,1032
187964046,1033
188055481,1034
1880563724,1035
18810328,1036
18813073,1037
1881970458,1038
188457007,1039
1884645062,1040
188522784,1041
1886667756,1042
1887662756,1043
1887698779,1044
188903918,1045
1889049655,1046
18892635,1047
18910693,1048
18932416,1049
189333010,1050
1897869398,1051
189806241,1052
189911081,1053
18999907,1054
1900263774,1055
19003664,1056
19005301,1057
190072156,1058
1901735065,1059
19038934,1060
1904454054,1061
19048952,1062
190513568,1063
19062153,1064
1908512005,1065
19085578,1066
19088288,1067
1909314529,1068
190935308,1069
1909451209,1070
1909809091,1071
19114497,1072
1912185276,1073
19134557,1074
191463695,1075
191525714,1076
1917731,1077
1918027333,1078
1920598429,1079
1921211689,1080
1921217798,1081
1921514064,1082
19222048,1083
192450756,1084
1924704842,1085
19250737,1086
19258189,1087
1926562094,1088
1926571112,1089
192691907,1090
1927206391,1091
192722154,1092
1928003306,1093
1928290020,1094
192959969,1095
19296440,1096
19311027,1097
1932816230,1098
1933990206,1099
1934235469,1100
1934770050,1101
19354935,1102
19355955,1103
1938077630,1104
19395472,1105
19416225,1106
194168904,1107
19418408,1108
194347951,1109
1944685220,1110
1944832135,1111
19461153,1112
194615561,1113
1947303967,1114
1947900744,1115
1948111285,1116
194861298,1117
194870705,1118
1950355033,1119
195154644,1120
19523962,1121
1952636125,1122
1955109913,1123
19556943,1124
1957948550,1125
1958816220,1126
1960909944,1127
196220287,1128
19637012,1129
19642191,1130
196558787,1131
196711520,1132
196802928,1133
1970429648,1134
197250976,1135
197404857,1136
197447489,1137
19744868,1138
1977365496,1139
197823320,1140
197838315,1141
1979568403,1142
197987846,1143
19808025,1144
19830342,1145
198393228,1146
198553539,1147
198574639,1148
19864150,1149
198776337,1150
19888921,1151
199056422,1152
19921268,1153
19923215,1154
199426090,1155
199768203,1156
199875709,1157
199924232,1158
20012204,1159
200157835,1160
20021712,1161
20055358,1162
200641413,1163
20110434,1164
201129833,1165
201817947,1166
20194311,1167
20197770,1168
20198802,1169
20200651,1170
202032733,1171
20218885,1172
202367059,1173
202450737,1174
202665828,1175
202750031,1176
20275809,1177
20282201,1178
202991265,1179
203209540,1180
203325246,1181
20357922,1182
20362961,1183
203764459,1184
203765012,1185
204195016,1186
204336252,1187
204339253,1188
20435808,1189
20441173,1190
20447568,1191
204584481,1192
20468102,1193
20478618,1194
204809629,1195
204876816,1196
20517889,1197
205472863,1198
20566511,1199
20609391,1200
20618180,1201
206264653,1202
2063181,1203
20634939,1204
206363288,1205
20691578,1206
20702013,1207
20715638,1208
20719498,1209
207249457,1210
20726495,1211
20737589,1212
207420832,1213
207779841,1214
20778273,1215
208083510,1216
208106589,1217
20810817,1218
20826640,1219
20830711,1220
20842368,1221
20867110,1222
20873858,1223
20886559,1224
20916358,1225
2092801,1226
20958510,1227
20964739,1228
209681820,1229
2097571,1230
20978217,1231
21060643,1232
210714216,1233
210766152,1234
21084137,1235
21091983,1236
210954755,1237
211068552,1238
21117305,1239
211337962,1240
211345057,1241
211536372,1242
21155483,1243
211565054,1244
21156753,1245
21159536,1246
21196759,1247
212023751,1248
212101327,1249
21216192,1250
212226464,1251
21238575,1252
212573765,1253
21274637,1254
212769991,1255
21281289,1256
213025328,1257
213118052,1258
213164880,1259
213451424,1260
21345227,1261
21351342,1262
213518581,1263
21360968,1264
21368516,1265
213738479,1266
214075458,1267
21423579,1268
21424216,1269
21426342,1270
21433615,1271
214485434,1272
21457771,1273
2148257646,1274
215026562,1275
215106897,1276
215112498,1277
2151335464,1278
215154964,1279
2151671287,1280
21519788,1281
2152460449,1282
2152799365,1283
2153404664,1284
21543751,1285
215446790,1286
21545542,1287
215497295,1288
2155220057,1289
2155815666,1290
2156561740,1291
21567649,1292
2157919340,1293
2158723631,1294
216123608,1295
216172986,1296
2161787000,1297
216194646,1298
216195586,1299
21622781,1300
2162983369,1301
2163248447,1302
2163340802,1303
2163997206,1304
216498790,1305
2165642942,1306
2165707725,1307
21660781,1308
2166568844,1309
2167212409,1310
2167674121,1311
216786228,1312
21686067,1313
216871283,1314
2168811944,1315
21707139,1316
217137252,1317
2172753872,1318
2172872273,1319
2173309865,1320
217392151,1321
2173981217,1322
217415964,1323
2174799008,1324
2175037004,1325
2175055010,1326
2175192882,1327
217575068,1328
2177428656,1329
217844974,1330
2178611209,1331
2179038453,1332
2179089168,1333
21794771,1334
2179655522,1335
2179916998,1336
2180959435,1337
218113799,1338
2181188602,1339
2182349123,1340
21831006,1341
2183520866,1342
2183541680,1343
2184871242,1344
218578483,1345
21876643,1346
2189444204,1347
2190472021,1348
2190541011,1349
2190950965,1350
2191156458,1351
2191568058,1352
2191984092,1353
2194470846,1354
21953248,1355
2196058678,1356
21965432,1357
2196948126,1358
2197106143,1359
21973050,1360
219815857,1361
220038215,1362
22005584,1363
22009023,1364
2201684511,1365
2202221544,1366
2202375985,1367
220251523,1368
220347418,1369
2203975074,1370
220421513,1371
22046875,1372
2204798617,1373
2205718172,1374
22064251,1375
220728454,1376
2207451133,1377
2208027685,1378
22089318,1379
2209081703,1380
220914418,1381
2209717562,1382
22101371,1383
2211027127,1384
221223029,1385
2212563086,1386
2212891281,1387
2212935966,1388
2213157290,1389
221355278,1390
2215255840,1391
22158282,1392
2216636346,1393
221707278,1394
2218595229,1395
2218836026,1396
22198749,1397
22209659,1398
22215940,1399
2221975782,1400
22232322,1401
2223706189,1402
22250215,1403
222532228,1404
2226235435,1405
222648594,1406
22270993,1407
22279004,1408
2228123932,1409
2228171385,1410
222857041,1411
2230176678,1412
2233488978,1413
223382695,1414
2237167544,1415
223719518,1416
2237327754,1417
2238773896,1418
223896073,1419
22392036,1420
2239548626,1421
2239864518,1422
2240033851,1423
224070286,1424
2241205392,1425
2242276596,1426
22435220,1427
2246767854,1428
2247799814,1429
2248225974,1430
22491678,1431
2249714648,1432
2249732667,1433
2250377624,1434
22504375,1435
2253634964,1436
225423130,1437
2255446829,1438
2255609844,1439
22560682,1440
2257332193,1441
2257782784,1442
2258357868,1443
22583725,1444
2259507037,1445
225981680,1446
2261405917,1447
22616123,1448
2262055104,1449
2262069308,1450
226249905,1451
226325216,1452
22644848,1453
2264560325,1454
2264638368,1455
2265227667,1456
22656089,1457
226595490,1458
2266295418,1459
2266556515,1460
2268321580,1461
2268344145,1462
2269391174,1463
2269464349,1464
226997507,1465
22700291,1466
22707692,1467
227130823,1468
2273216286,1469
2273636460,1470
2274078254,1471
227469180,1472
2278197342,1473
227827584,1474
22790842,1475
227923652,1476
2279480828,1477
2279529542,1478
2279689231,1479
2280638962,1480
228070052,1481
2281017456,1482
2281324279,1483
228134082,1484
2281349545,1485
22822556,1486
228263334,1487
2282911196,1488
2284514707,1489
22846618,1490
2284695849,1491
2285774892,1492
2287030892,1493
22873947,1494
2288643823,1495
229010922,1496
2290352837,1497
2290780148,1498
2291033166,1499
22926853,1500
229278838,1501
2293810932,1502
2293895684,1503
229413105,1504
2295168505,1505
2295343929,1506
229575933,1507
2296750843,1508
229700807,1509
2297125818,1510
2298463846,1511
22984882,1512
2300551194,1513
2301712239,1514
2302259172,1515
2302327181,1516
23026561,1517
2303522197,1518
2303716045,1519
23037924,1520
2303809581,1521
2303913996,1522
230523037,1523
2305879171,1524
2306158353,1525
2306423349,1526
2307253314,1527
23074025,1528
230859523,1529
2308669258,1530
23113181,1531
23114490,1532
231156134,1533
2312832092,1534
23140272,1535
23147124,1536
23153001,1537
2315874241,1538
2316129812,1539
2316133112,1540
2316348795,1541
2317490496,1542
2317821817,1543
2317925257,1544
23180169,1545
231843348,1546
2318991212,1547
23196051,1548
2320216189,1549
232023677,1550
232023805,1551
232032971,1552
2320332240,1553
2320359029,1554
2320647202,1555
232065638,1556
2321272902,1557
23217897,1558
23219627,1559
23222646,1560
2322901370,1561
232314623,1562
2323191524,1563
2323330322,1564
23237954,1565
232579939,1566
2326254552,1567
232671785,1568
23272075,1569
232797727,1570
23280370,1571
2328148980,1572
232851192,1573
232906886,1574
2329260715,1575
2329373178,1576
233033031,1577
2330881664,1578
2330997878,1579
2331209359,1580
2331432673,1581
2332549417,1582
2332638064,1583
2332665760,1584
233291124,1585
2332956539,1586
2334312147,1587
233433187,1588
23346365,1589
233577630,1590
2335816280,1591
233589731,1592
2336221165,1593
2337144410,1594
233853114,1595
2340698592,1596
2341257349,1597
2341977604,1598
23434516,1599
234466998,1600
2344926979,1601
234593276,1602
2346189283,1603
23470695,1604
2348641957,1605
2349040381,1606
2349823937,1607
235073391,1608
2352014832,1609
235338203,1610
2353974979,1611
2355250290,1612
23561165,1613
2356127598,1614
235708122,1615
2359028480,1616
23592389,1617
2361623269,1618
236182540,1619
23620605,1620
2362486854,1621
2362856150,1622
2363248370,1623
236466533,1624
236487888,1625
2365237161,1626
2365305244,1627
2365728494,1628
2366303900,1629
236644373,1630
236657933,1631
2367355298,1632
2367911,1633
2367971444,1634
2369193094,1635
2369233345,1636
236924921,1637
2369688244,1638
23706022,1639
2370768564,1640
2370908751,1641
237095026,1642
2370959600,1643
237103462,1644
2371631,1645
23732681,1646
2373857028,1647
2374048657,1648
237459440,1649
2375641625,1650
237572596,1651
237606548,1652
2376137988,1653
237619353,1654
2376768615,1655
23804138,1656
23804708,1657
2380611915,1658
238085188,1659
2381114150,1660
2381241810,1661
23830016,1662
2383120732,1663
2383954135,1664
23841163,1665
2385061622,1666
2385606890,1667
2385964938,1668
23866855,1669
2388198925,1670
239025975,1671
23905899,1672
2391414056,1673
239145704,1674
2391870344,1675
2392789262,1676
2394887610,1677
239510568,1678
2396163398,1679
239650277,1680
2396615286,1681
2396808800,1682
239798864,1683
24000965,1684
24006333,1685
2400901568,1686
2400988178,1687
2403016908,1688
24038805,1689
2405491821,1690
240658286,1691
240697075,1692
240870634,1693
240890205,1694
2409571994,1695
241042196,1696
2411474370,1697
241192851,1698
2412051054,1699
2412564816,1700
24134004,1701
2413643408,1702
2414457033,1703
2414913756,1704
24156429,1705
241640955,1706
2416436780,1707
241776425,1708
2417844248,1709
241983890,1710
2420222945,1711
2421228369,1712
24216455,1713
24225280,1714
242258544,1715
242359437,1716
2423642896,1717
242438723,1718
24248571,1719
2425231,1720
242565884,1721
2425813637,1722
242618658,1723
242670355,1724
242696283,1725
2427744425,1726
242808620,1727
242821744,1728
242849343,1729
242874600,1730
2429060390,1731
2429587585,1732
2430042923,1733
2430858841,1734
2430897000,1735
2431107457,1736
24317107,1737
243199949,1738
24321039,1739
2433120343,1740
24335624,1741
2433667077,1742
24369345,1743
2437114425,1744
243790466,1745
243844542,1746
243889154,1747
24389773,1748
24405517,1749
2440620382,1750
2440698949,1751
2441185613,1752
244200716,1753
24452216,1754
2447021562,1755
2447821566,1756
24493951,1757
2449650492,1758
2450106906,1759
245076551,1760
245132693,1761
2453565091,1762
245440446,1763
245577571,1764
245688940,1765
24570419,1766
24581337,1767
2458410882,1768
2458476536,1769
245945573,1770
246082925,1771
2461452080,1772
246151786,1773
2461730594,1774
2462213766,1775
2463065714,1776
2463688243,1777
2463832170,1778
2464887805,1779
24655672,1780
2466311996,1781
2467791,1782
2468067276,1783
2468799681,1784
2469807936,1785
2470208895,1786
2470561845,1787
2470674174,1788
247104369,1789
2471421697,1790
24716002,1791
2471649080,1792
2471835085,1793
247196798,1794
247203598,1795
2474620261,1796
247486291,1797
2475599276,1798
247724651,1799
247767778,1800
2477734693,1801
247870043,1802
247903672,1803
2479159384,1804
2479202503,1805
247991761,1806
2479977919,1807
2480119285,1808
2481726390,1809
2481787142,1810
2482184095,1811
2483067211,1812
24848645,1813
2484982652,1814
2485830732,1815
2487365864,1816
248760067,1817
248817158,1818
2488367000,1819
248841973,1820
24903205,1821
249118156,1822
24923175,1823
2492419963,1824
2492929303,1825
2493140377,1826
2494237140,1827
249442064,1828
24947112,1829
2495196338,1830
24977311,1831
249844021,1832
2499039738,1833
2500672404,1834
2502069662,1835
250239396,1836
250393818,1837
2504624659,1838
2505657462,1839
250589847,1840
2506843521,1841
250691621,1842
2507917171,1843
25084590,1844
250940553,1845
2509524884,1846
251009806,1847
251010753,1848
2513357536,1849
2514475647,1850
25162948,1851
25163104,1852
251635353,1853
251668274,1854
25191678,1855
2519552569,1856
25207598,1857
2521147680,1858
2523556454,1859
2524403078,1860
2525820541,1861
25259710,1862
25259962,1863
252629056,1864
25268310,1865
2527072230,1866
25274270,1867
2528569476,1868
25300494,1869
25328332,1870
253343991,1871
253637278,1872
25364125,1873
25366062,1874
253813547,1875
2539016140,1876
2539652617,1877
253982809,1878
25407310,1879
2542812312,1880
25429149,1881
254340945,1882
2543427014,1883
2543549240,1884
2544931616,1885
25451704,1886
2545283606,1887
2547790158,1888
254782044,1889
254803029,1890
254855062,1891
2550575082,1892
2550993804,1893
25511878,1894
255188029,1895
255236525,1896
2552698171,1897
2553547278,1898
25554198,1899
2555608226,1900
2556296572,1901
2557331785,1902
255734349,1903
2557521,1904
255777343,1905
255826721,1906
255827278,1907
2558766204,1908
2559432516,1909
2559582960,1910
2559957139,1911
2561724956,1912
25618113,1913
2562154980,1914
2562506614,1915
2562585720,1916
256300291,1917
2563435041,1918
2564289443,1919
2564631644,1920
256514911,1921
2565690086,1922
2566001916,1923
2566213556,1924
2567237953,1925
2569844741,1926
2570205935,1927
2570381768,1928
25718382,1929
2572033740,1930
257234986,1931
25725812,1932
2574001358,1933
2575830003,1934
2576379904,1935
2576745109,1936
2579312316,1937
2579327835,1938
258049882,1939
258102381,1940
258208740,1941
25864669,1942
258761425,1943
25877017,1944
2588167693,1945
2589021392,1946
25904035,1947
2590629196,1948
2590884252,1949
259094582,1950
25911963,1951
259121785,1952
25920303,1953
25924647,1954
25928003,1955
259283033,1956
2593165068,1957
2593484425,1958
259420367,1959
259490295,1960
2596413645,1961
2597585700,1962
2597920868,1963
259796910,1964
2598517130,1965
25989394,1966
2599136157,1967
2599883864,1968
260015402,1969
260034564,1970
2601272874,1971
2601852176,1972
2601895982,1973
260613788,1974
26063935,1975
26067145,1976
26070572,1977
26070798,1978
260724365,1979
2608043178,1980
260848405,1981
2608956567,1982
261035490,1983
2612198689,1984
2612720029,1985
26139323,1986
2614240147,1987
2615305706,1988
26156260,1989
261576484,1990
2617146920,1991
261749735,1992
261785513,1993
2619163263,1994
261954157,1995
261984622,1996
2620052996,1997
262055891,1998
26218305,1999
262321852,2000
2623707557,2001
26278305,2002
2628421441,2003
262993329,2004
263238658,2005
263286412,2006
26330087,2007
263440058,2008
263504882,2009
2635561184,2010
26362473,2011
263810192,2012
263984652,2013
2641298595,2014
26421626,2015
264265349,2016
264307945,2017
264478693,2018
2644908061,2019
26461628,2020
2650151279,2021
265082142,2022
26514883,2023
26528766,2024
265355375,2025
2654356639,2026
26552390,2027
265523983,2028
265710819,2029
266129829,2030
2661682980,2031
26625439,2032
2663115926,2033
26638198,2034
266775348,2035
266870475,2036
2669709960,2037
267004350,2038
267021306,2039
2671142862,2040
2671339993,2041
26714962,2042
26718451,2043
2676050774,2044
2677565276,2045
268265145,2046
2683032895,2047
268359193,2048
2684722843,2049
268480648,2050
2685199019,2051
2686010270,2052
2686109520,2053
2686651847,2054
26883100,2055
2688560155,2056
26900055,2057
269053571,2058
2690743508,2059
269488377,2060
2695107679,2061
2695511351,2062
2696789261,2063
269798459,2064
26985539,2065
269992592,2066
27001391,2067
270528803,2068
270535444,2069
2707571696,2070
2710369005,2071
2712144110,2072
2714355323,2073
2714777790,2074
2716100047,2075
2716396878,2076
2716928090,2077
2718111834,2078
27190127,2079
2719268039,2080
2719770929,2081
27198487,2082
2720088115,2083
2720144785,2084
2720901920,2085
2720957327,2086
272112035,2087
272114651,2088
2721777926,2089
2721890870,2090
2723735572,2091
2723902734,2092
2723904698,2093
27240262,2094
272499767,2095
272614288,2096
2726612325,2097
2726694917,2098
272748593,2099
2728536772,2100
2730839663,2101
2730969312,2102
27313635,2103
273208287,2104
2732739068,2105
273320527,2106
2734291692,2107
273465530,2108
2735229048,2109
2736432908,2110
2736535122,2111
273683993,2112
273764520,2113
2737674672,2114
2739680245,2115
273970953,2116
2739806658,2117
274037776,2118
274104261,2119
27426002,2120
274286888,2121
2743621676,2122
2743678871,2123
2743684155,2124
2745564101,2125
2745949908,2126
2746229537,2127
27463702,2128
2746830309,2129
2746871129,2130
2746979823,2131
27471564,2132
274730101,2133
274815570,2134
2749928698,2135
2750105810,2136
2750309806,2137
275182746,2138
27518994,2139
2752157661,2140
2752679136,2141
2753359816,2142
2753743832,2143
2754854787,2144
2754881394,2145
27549495,2146
2755751021,2147
2756951092,2148
275871800,2149
27589515,2150
275942684,2151
276118165,2152
276132061,2153
2764242773,2154
2764438271,2155
2764739508,2156
2764867135,2157
2766958748,2158
2767487316,2159
27682432,2160
27686745,2161
2768922304,2162
276943235,2163
2769701894,2164
277127538,2165
27715353,2166
277155798,2167
2771588954,2168
27719912,2169
27734496,2170
277439806,2171
277561227,2172
2776048319,2173
27761969,2174
2777645173,2175
277810122,2176
2779491677,2177
277964142,2178
278163334,2179
2782049981,2180
278260486,2181
2782777338,2182
27839828,2183
2784100399,2184
2784589948,2185
2784661153,2186
2785095528,2187
2785853141,2188
2786190433,2189
27873764,2190
2787473801,2191
27875696,2192
2787938268,2193
2788225609,2194
2789826107,2195
27901877,2196
2790188549,2197
2790243809,2198
2791953405,2199
2793020689,2200
279319442,2201
2793357232,2202
2793367408,2203
279390084,2204
2794775203,2205
2795517045,2206
2798701,2207
2798758688,2208
2798798158,2209
2798876236,2210
2799276557,2211
27998439,2212
2799960092,2213
2800713853,2214
280082481,2215
28027426,2216
28031362,2217
2803208151,2218
280325877,2219
280385318,2220
280414048,2221
28045541,2222
2804793298,2223
28049003,2224
2805625933,2225
2809383753,2226
2809657193,2227
2809901188,2228
2810009016,2229
28118518,2230
281271932,2231
28144315,2232
281550388,2233
281551999,2234
28156710,2235
281765208,2236
28188739,2237
2819336492,2238
28199524,2239
2820491088,2240
2821256338,2241
2821431515,2242
2821858859,2243
282327219,2244
2823620637,2245
2823913560,2246
28240039,2247
282470727,2248
2825027393,2249
2825224526,2250
2827295144,2251
2828277842,2252
28287812,2253
282884150,2254
2829196009,2255
2829901085,2256
2831890735,2257
283677281,2258
2838173481,2259
2838283974,2260
2838741,2261
28387681,2262
2839519532,2263
2840135452,2264
284139213,2265
284251964,2266
284320807,2267
2844276451,2268
2845917181,2269
28473012,2270
284738545,2271
284887377,2272
2850722943,2273
285111689,2274
2853443310,2275
2853456315,2276
28543715,2277
2855890513,2278
2858347154,2279
2859256873,2280
285998700,2281
2861342065,2282
2861463970,2283
2861795873,2284
2861899293,2285
28634061,2286
2865532117,2287
2865992597,2288
2866361455,2289
28674574,2290
2867664005,2291
2867902230,2292
2868479584,2293
28690832,2294
2869527457,2295
28696142,2296
2870060380,2297
287183523,2298
2872440206,2299
2873322832,2300
28740137,2301
287505023,2302
2876378805,2303
2876757428,2304
28774609,2305
28779853,2306
28785486,2307
2878831764,2308
2878889210,2309
288068237,2310
28815213,2311
2882972224,2312
2883841,2313
2884079135,2314
2884771,2315
2884796108,2316
288755234,2317
2887593005,2318
2890828923,2319
289155388,2320
2894090048,2321
289420193,2322
289468772,2323
2895823046,2324
2896052759,2325
28962897,2326
2896353010,2327
2897075600,2328
2897136909,2329
289836894,2330
289838743,2331
2898756616,2332
289921532,2333
2899626219,2334
2900139381,2335
2900247904,2336
290225617,2337
2903166449,2338
2903997122,2339
2904485339,2340
2904610481,2341
29048085,2342
2906263767,2343
2906382661,2344
2906473932,2345
29065153,2346
29066807,2347
290880411,2348
29110336,2349
2911192096,2350
291199456,2351
291299121,2352
2913277513,2353
291387437,2354
291490081,2355
291520268,2356
2915698086,2357
291676686,2358
291789016,2359
29198219,2360
2920659436,2361
2922172126,2362
292257830,2363
29227535,2364
2923079655,2365
2925170690,2366
2925175494,2367
29258026,2368
2925963148,2369
2926121220,2370
292629799,2371
2926464862,2372
292732274,2373
292777349,2374
2930298332,2375
293267862,2376
293486411,2377
2935458938,2378
2935760284,2379
2936223325,2380
2936329068,2381
2936391702,2382
2937467927,2383
293768205,2384
29395481,2385
293985299,2386
2941503296,2387
2941629111,2388
29417304,2389
2942721044,2390
2942899205,2391
2943024549,2392
2943350389,2393
2943798075,2394
2944280244,2395
2944731319,2396
294559888,2397
29463046,2398
2946543746,2399
2949051936,2400
2949142601,2401
294918280,2402
2949185543,2403
294957842,2404
29525542,2405
29531485,2406
295767515,2407
2959489389,2408
295966275,2409
2960699387,2410
29609464,2411
29609843,2412
2961574276,2413
2967203038,2414
297078835,2415
297120338,2416
297162274,2417
297369350,2418
2973842578,2419
2973951579,2420
2975187827,2421
29759829,2422
297625395,2423
2977789042,2424
297800406,2425
297938809,2426
2980186012,2427
298139855,2428
2981618948,2429
2981781891,2430
2982408179,2431
2983302897,2432
298647383,2433
298702697,2434
2987799064,2435
2987858153,2436
298885782,2437
29893075,2438
298997025,2439
2991036844,2440
2991380194,2441
2991837901,2442
299188947,2443
299220494,2444
299255287,2445
29925696,2446
2992624003,2447
299262442,2448
2993719803,2449
2993975016,2450
29948870,2451
2995885059,2452
2997665350,2453
2997859109,2454
29993565,2455
2999612262,2456
299983531,2457
3000391547,2458
3002580428,2459
30030404,2460
3003765995,2461
3004517593,2462
3004895535,2463
3005214872,2464
300916291,2465
301019006,2466
30102581,2467
3010341234,2468
30112164,2469
30114083,2470
301148961,2471
3011582208,2472
3011598397,2473
30117361,2474
30122242,2475
30130714,2476
301399249,2477
301416337,2478
30157391,2479
301579240,2480
301692966,2481
30169365,2482
3018844283,2483
3020137681,2484
3020425427,2485
3020455940,2486
3022712468,2487
30232515,2488
3023309373,2489
302346908,2490
302353072,2491
30238286,2492
30254174,2493
30267162,2494
3028228054,2495
3028811871,2496
30313925,2497
303418470,2498
3034429802,2499
3034959696,2500
3034992840,2501
3036958796,2502
3038165553,2503
3038474730,2504
30389172,2505
30390592,2506
304061756,2507
3041601060,2508
3041906216,2509
3042388781,2510
30437065,2511
3044026540,2512
304520563,2513
30492475,2514
30500021,2515
305294287,2516
30554954,2517
305555540,2518
3057759609,2519
305877707,2520
30588028,2521
305894011,2522
305963266,2523
306187852,2524
30625838,2525
306298215,2526
3063990535,2527
30644500,2528
3065986461,2529
30668876,2530
30687343,2531
306882366,2532
306924364,2533
30693810,2534
3070259286,2535
307129519,2536
3072336235,2537
3072908048,2538
307501105,2539
3075860581,2540
3075931313,2541
3076094401,2542
3080859911,2543
308102518,2544
3081394756,2545
3081452963,2546
3081579080,2547
308212534,2548
308222785,2549
3083475255,2550
30835599,2551
308464109,2552
3086298863,2553
3086914028,2554
308698101,2555
30880296,2556
308892843,2557
3091032342,2558
309172469,2559
309190582,2560
3092480908,2561
309686668,2562
310031159,2563
3101168904,2564
3101465597,2565
3103213542,2566
31057963,2567
310643025,2568
3106898617,2569
3108351,2570
31087423,2571
310884882,2572
311140916,2573
31114320,2574
3111595139,2575
3113037179,2576
311329542,2577
3114518152,2578
311910862,2579
311925651,2580
3119327170,2581
311970046,2582
3120820724,2583
312093132,2584
312108472,2585
3121299917,2586
312195609,2587
3122114718,2588
312227620,2589
31223236,2590
312248392,2591
312394656,2592
312428361,2593
3126563358,2594
312705978,2595
312848382,2596
312952871,2597
3130226906,2598
3130261329,2599
313037820,2600
3130553793,2601
3130752258,2602
3131025898,2603
3131355885,2604
31320874,2605
3133488306,2606
313360148,2607
313385516,2608
313523444,2609
3135549293,2610
3135660532,2611
3137648726,2612
3139320606,2613
3141533897,2614
314157950,2615
314249532,2616
31435069,2617
31460348,2618
31480713,2619
31480794,2620
3149805223,2621
3150339611,2622
31513326,2623
315133994,2624
315161628,2625
3152407786,2626
3153694671,2627
3153717096,2628
3153844428,2629
315495725,2630
3156705035,2631
3156933779,2632
3157844781,2633
31590834,2634
315999262,2635
31605687,2636
316161690,2637
3162143561,2638
3164009702,2639
3164636421,2640
316578266,2641
3166112083,2642
3166178833,2643
31698623,2644
3170577155,2645
3170692550,2646
31718463,2647
317284206,2648
317485487,2649
3176775109,2650
3177941678,2651
3178016298,2652
3179207340,2653
3183625938,2654
3184558807,2655
3186715336,2656
318672234,2657
318673769,2658
3186961866,2659
3187296901,2660
3187442933,2661
3191215190,2662
3192377917,2663
3192540098,2664
3192848121,2665
3193427472,2666
3193944696,2667
31946780,2668
3196826180,2669
3196887973,2670
3196967017,2671
3197348858,2672
3197722472,2673
319777415,2674
3197788454,2675
319939901,2676
319963230,2677
319986971,2678
320307136,2679
320563579,2680
320629837,2681
320702253,2682
320821564,2683
321024461,2684
321098753,2685
321120449,2686
3214753385,2687
321477858,2688
32148675,2689
32156954,2690
3219303120,2691
3219423716,2692
3219771793,2693
3220371770,2694
3222209577,2695
3222999019,2696
3225353003,2697
3226823395,2698
3227025978,2699
3227289826,2700
3227540022,2701
32283017,2702
322879013,2703
3230944180,2704
3231068674,2705
3232186924,2706
3232699832,2707
3233583322,2708
3234089496,2709
3234115101,2710
3234206654,2711
3234781559,2712
3234876338,2713
323583005,2714
3236383140,2715
32365573,2716
3238348230,2717
3238370479,2718
323849578,2719
32388317,2720
324132906,2721
3241867048,2722
3242304054,2723
324489515,2724
3245880594,2725
3246411468,2726
3248274452,2727
3248410062,2728
32497478,2729
3249903512,2730
3250296265,2731
325082255,2732
325156655,2733
325221033,2734
325265073,2735
325268366,2736
325492834,2737
325589670,2738
3257591580,2739
3257945916,2740
325808019,2741
3258510456,2742
32585436,2743
325862777,2744
3260102226,2745
3260134182,2746
3261123452,2747
326165355,2748
326282562,2749
3269457420,2750
326957730,2751
32697667,2752
327004121,2753
327041202,2754
327041632,2755
327193695,2756
3272691295,2757
32765764,2758
3279022232,2759
3279189992,2760
3281029088,2761
3281958260,2762
3283426488,2763
328388476,2764
328440716,2765
3285693535,2766
3288114332,2767
3288348368,2768
328914261,2769
3291634115,2770
3291764995,2771
32920313,2772
32920372,2773
3293322849,2774
3293736557,2775
329393228,2776
3294355670,2777
32944248,2778
32948422,2779
3296734251,2780
329688737,2781
329772412,2782
3298293310,2783
3299404571,2784
32995778,2785
3299934634,2786
3300125695,2787
3301022112,2788
330156856,2789
3302072087,2790
3302168249,2791
3302540037,2792
3302725796,2793
3303566749,2794
330378192,2795
330379931,2796
3304108882,2797
330414774,2798
33048053,2799
3305116858,2800
3305253308,2801
330683679,2802
330759494,2803
3308254063,2804
3308407241,2805
3308649723,2806
3308781515,2807
3308877832,2808
3309993713,2809
33100842,2810
3310107588,2811
3310158301,2812
33107809,2813
3310952712,2814
331117969,2815
3311185081,2816
3311675519,2817
3312417228,2818
33128101,2819
33128647,2820
3313748484,2821
331467423,2822
331534939,2823
3315421760,2824
33154814,2825
3317319301,2826
3318421381,2827
33193563,2828
332063391,2829
3321952723,2830
332396536,2831
3324261925,2832
3324919772,2833
3325152053,2834
3325326081,2835
33270656,2836
3327424237,2837
3328890631,2838
3329001482,2839
3329528201,2840
333014276,2841
3330557069,2842
333166725,2843
3332761084,2844
333343647,2845
3334121020,2846
3335574653,2847
333761258,2848
33381229,2849
3338998989,2850
33398863,2851
334028220,2852
33409429,2853
33410754,2854
3341576172,2855
3342101242,2856
3347208550,2857
3347290719,2858
3347688375,2859
3348898457,2860
33496073,2861
3350465793,2862
3351115882,2863
3351357045,2864
3352408024,2865
33527531,2866
3353256372,2867
3353956371,2868
335600058,2869
335661321,2870
3356662759,2871
3357427702,2872
33611715,2873
3361640020,2874
336263077,2875
3363088887,2876
336370847,2877
3364102125,2878
3365553357,2879
3366378653,2880
3366959411,2881
3367491543,2882
3367773761,2883
3368321907,2884
3368690836,2885
337112001,2886
3377317894,2887
337761893,2888
33811812,2889
33815054,2890
3381540185,2891
338160729,2892
3383116294,2893
3383161810,2894
3384385671,2895
3384699953,2896
3385370668,2897
3385838248,2898
33860798,2899
338661490,2900
3388519131,2901
3390098350,2902
339127929,2903
3391532422,2904
3392948538,2905
33944572,2906
3394601549,2907
3395620877,2908
339735884,2909
33981571,2910
339831428,2911
3398865573,2912
339903277,2913
3399235462,2914
339930191,2915
3400214957,2916
3402040767,2917
3402520873,2918
3403326346,2919
340534889,2920
340708155,2921
3407135421,2922
3407847574,2923
3408232162,2924
3408791968,2925
3409193535,2926
34093672,2927
341027410,2928
3410571645,2929
3410608594,2930
3410689588,2931
34113126,2932
341172121,2933
3415287255,2934
341546135,2935
3415517375,2936
3416505311,2937
3418466404,2938
3420476759,2939
3422739981,2940
34234990,2941
3424489361,2942
342640705,2943
3428628063,2944
342931335,2945
3431958999,2946
3432119534,2947
343571392,2948
3435940588,2949
343667635,2950
343758372,2951
3438469581,2952
3439555847,2953
344030291,2954
344140315,2955
344630177,2956
34470900,2957
344786265,2958
344811563,2959
344854154,2960
345019341,2961
345035453,2962
345146685,2963
345343418,2964
3458314408,2965
34591018,2966
346159955,2967
346423848,2968
346656479,2969
34665792,2970
346864674,2971
346947239,2972
34697179,2973
34701889,2974
347292782,2975
347461719,2976
347627434,2977
34822048,2978
34824846,2979
34842563,2980
348877705,2981
349027514,2982
349349942,2983
3493887989,2984
349445673,2985
349571088,2986
3497865853,2987
349942156,2988
3499636752,2989
34996703,2990
350129163,2991
350261087,2992
350437162,2993
350545629,2994
350602939,2995
3506392513,2996
350650434,2997
3507624377,2998
350838632,2999
35150454,3000
3515882301,3001
3516909376,3002
351709930,3003
3519034157,3004
352005726,3005
35235637,3006
352518620,3007
352665664,3008
352935643,3009
3532804813,3010
35336511,3011
353388367,3012
353433777,3013
35345432,3014
35346950,3015
3536963279,3016
35376068,3017
3538795406,3018
353931229,3019
35398088,3020
3540252020,3021
354562721,3022
3546431062,3023
354694798,3024
35494603,3025
355028519,3026
355038897,3027
35525976,3028
355265351,3029
35567361,3030
3557212097,3031
355869749,3032
3561980536,3033
35620074,3034
35620289,3035
3562670235,3036
356285402,3037
356324005,3038
35646496,3039
35706221,3040
3572446576,3041
3572758941,3042
3579093494,3043
3581628013,3044
358410527,3045
358557566,3046
3585968663,3047
35860455,3048
358756624,3049
358918792,3050
3589220899,3051
359020843,3052
359211782,3053
359382918,3054
359690061,3055
35976790,3056
3598959794,3057
359985239,3058
360145431,3059
3601573586,3060
3602599275,3061
36046325,3062
36048950,3063
360718494,3064
360771315,3065
360967238,3066
361032484,3067
3611433613,3068
361631222,3069
361885723,3070
3618882193,3071
3623906477,3072
3623972902,3073
362626833,3074
362876525,3075
362895183,3076
36313598,3077
36314329,3078
36332025,3079
36367488,3080
363761111,3081
3639087436,3082
364032315,3083
364046816,3084
3640734136,3085
364194053,3086
364198504,3087
3643479852,3088
3646911,3089
36471617,3090
3647712853,3091
36514310,3092
365341838,3093
365353631,3094
3654145274,3095
36568444,3096
365729749,3097
36573744,3098
36588385,3099
36631460,3100
366374544,3101
366435041,3102
36649224,3103
3664925599,3104
3666794837,3105
366717113,3106
36673331,3107
366803758,3108
366819502,3109
36700664,3110
367537408,3111
3675482299,3112
3675701174,3113
367588981,3114
36771189,3115
367750490,3116
3677831609,3117
3678420496,3118
367905405,3119
368335643,3120
3684977294,3121
3685449739,3122
369029151,3123
369318439,3124
369505837,3125
369602944,3126
3697993936,3127
3698603481,3128
370002248,3129
3700121652,3130
370222416,3131
37048835,3132
37093688,3133
37094526,3134
371039549,3135
37175279,3136
3719068997,3137
3720171979,3138
372088842,3139
37216886,3140
37230170,3141
37272075,3142
372875229,3143
372924469,3144
373057436,3145
3731081544,3146
37327835,3147
373331421,3148
3733725203,3149
373601625,3150
37381180,3151
373864432,3152
3739067240,3153
37429277,3154
37448685,3155
374596226,3156
374673775,3157
374760130,3158
374775473,3159
37499500,3160
375222367,3161
3752251763,3162
3752361681,3163
3754240817,3164
37543640,3165
375669510,3166
3757015887,3167
375814969,3168
376109186,3169
37630714,3170
376531194,3171
376857119,3172
376876772,3173
376879364,3174
377207363,3175
37725640,3176
3774100399,3177
3774212776,3178
377540405,3179
377619841,3180
377813099,3181
37787301,3182
37811000,3183
37813045,3184
3783012875,3185
37842197,3186
37843279,3187
37854830,3188
3787360522,3189
3787380077,3190
3787424723,3191
3787479377,3192
3789299356,3193
379045183,3194
3793600152,3195
379508299,3196
37953510,3197
37984883,3198
379869831,3199
379962842,3200
380023826,3201
38012558,3202
38017472,3203
3803379014,3204
38038704,3205
380664031,3206
381276559,3207
381308128,3208
381621895,3209
381927060,3210
382299304,3211
382370203,3212
382887963,3213
383064409,3214
3833315892,3215
383418826,3216
3835421537,3217
383906888,3218
384005220,3219
3840405434,3220
38415042,3221
38422859,3222
3843280635,3223
38446565,3224
38474832,3225
38495355,3226
38502411,3227
385059786,3228
385194334,3229
385416476,3230
3854798307,3231
385628927,3232
385638487,3233
38611736,3234
38613136,3235
386203139,3236
386211109,3237
386330129,3238
386416522,3239
3866341018,3240
3866688148,3241
386672549,3242
38671143,3243
386746916,3244
387050961,3245
387074628,3246
387151655,3247
3874843515,3248
388077359,3249
38808541,3250
388105873,3251
388383447,3252
388532629,3253
3886096761,3254
3886099279,3255
38868552,3256
38950663,3257
389548615,3258
38955690,3259
38991991,3260
3899337568,3261
390147741,3262
390372254,3263
3905905514,3264
3906077714,3265
390696780,3266
390704970,3267
3908344585,3268
390889720,3269
390925665,3270
391158536,3271
391834043,3272
391889398,3273
39206452,3274
3923762177,3275
392398746,3276
3927572774,3277
3928116257,3278
392860200,3279
393160264,3280
393167956,3281
393190233,3282
39347949,3283
3936263895,3284
393685905,3285
393802688,3286
393844722,3287
39395970,3288
3939833602,3289
394301410,3290
394392730,3291
394489174,3292
394744306,3293
3948466047,3294
394849483,3295
394976090,3296
3951026057,3297
395791785,3298
396010377,3299
3960646395,3300
39609732,3301
396196960,3302
396198196,3303
39630126,3304
3964671268,3305
3964798105,3306
39674993,3307
396831702,3308
39755667,3309
397726501,3310
3978246821,3311
3983478493,3312
3987891346,3313
3988986443,3314
399192605,3315
399290779,3316
39930604,3317
40012474,3318
4002449655,3319
400294294,3320
4003589830,3321
4004013989,3322
4004239703,3323
400479563,3324
400670062,3325
40094317,3326
4009886297,3327
401090263,3328
401286522,3329
401603654,3330
401710943,3331
40173650,3332
401842670,3333
40191477,3334
4019730797,3335
402061844,3336
402355096,3337
4026980964,3338
40295027,3339
40295453,3340
40311118,3341
40312584,3342
40334543,3343
403899803,3344
4041075377,3345
4041511396,3346
404460410,3347
404525685,3348
40477520,3349
4048444078,3350
4048748955,3351
405028433,3352
4054740795,3353
4055139069,3354
405561109,3355
4055906223,3356
405794576,3357
40601473,3358
406020629,3359
4060453505,3360
4060483661,3361
4060841296,3362
4060874122,3363
4060874481,3364
4060890436,3365
4060916350,3366
4060960942,3367
4061477355,3368
40614984,3369
4068920487,3370
406992903,3371
407472086,3372
4077056800,3373
407821877,3374
40788228,3375
408194759,3376
408224915,3377
4086424329,3378
408855841,3379
408949404,3380
409212580,3381
409312294,3382
409430647,3383
4098592756,3384
409886625,3385
410132283,3386
410399203,3387
410489408,3388
4105901787,3389
41185952,3390
411902451,3391
4122332585,3392
412575180,3393
412580045,3394
412776430,3395
412914400,3396
4129908561,3397
412997247,3398
413533828,3399
41368430,3400
413912975,3401
414217972,3402
41434212,3403
4145603123,3404
414942466,3405
41507212,3406
41508585,3407
415096339,3408
415175014,3409
415532798,3410
415582246,3411
415646327,3412
415785026,3413
415826305,3414
41584867,3415
41612930,3416
41677388,3417
4174359561,3418
4176301173,3419
417965044,3420
4180352153,3421
418104982,3422
4182688875,3423
4182801496,3424
418282772,3425
41831243,3426
41831995,3427
418421014,3428
4185160671,3429
41862133,3430
418626202,3431
4186843694,3432
4187804717,3433
418867782,3434
41902875,3435
4190566692,3436
4191924684,3437
41925345,3438
4195145182,3439
41976254,3440
41986690,3441
41988733,3442
420067396,3443
420502656,3444
420512413,3445
420678292,3446
4207543694,3447
4207619180,3448
4208790952,3449
42144390,3450
4216098557,3451
4218318442,3452
4219142068,3453
4220997023,3454
422153063,3455
4228429639,3456
42284908,3457
4230384973,3458
42326304,3459
42352660,3460
423717038,3461
4238116152,3462
423831170,3463
423931126,3464
424124066,3465
4241255472,3466
424441568,3467
4251850093,3468
425459816,3469
425580734,3470
4256650689,3471
425826223,3472
4259738554,3473
4261082614,3474
42645839,3475
42648566,3476
42656372,3477
4267156996,3478
4267265183,3479
426903572,3480
42701045,3481
427062600,3482
4273415652,3483
427402721,3484
42741261,3485
4279395148,3486
428146695,3487
4281570916,3488
428225985,3489
428333,3490
4284587533,3491
42858599,3492
428971031,3493
42919909,3494
429539867,3495
429707643,3496
43043202,3497
430579114,3498
43089397,3499
431171274,3500
43151675,3501
43157410,3502
431686303,3503
4318377676,3504
431901486,3505
431917957,3506
4319456714,3507
4319824935,3508
43211841,3509
4330934120,3510
433127499,3511
43331336,3512
433675700,3513
43377345,3514
433851538,3515
433948886,3516
434534377,3517
4354234571,3518
436360631,3519
437086729,3520
437227352,3521
438009484,3522
4385859743,3523
43922518,3524
439325224,3525
439451234,3526
43981992,3527
440285897,3528
4404644174,3529
4409133627,3530
4411076609,3531
44148003,3532
4422984375,3533
4427929816,3534
442996741,3535
443044690,3536
443071901,3537
4431300927,3538
44349459,3539
44393435,3540
4439358394,3541
444020889,3542
44416770,3543
444284249,3544
44440628,3545
4444496307,3546
4445498741,3547
44481763,3548
4450541,3549
445068987,3550
4454921664,3551
44583728,3552
446272084,3553
44686891,3554
447065881,3555
4473471443,3556
447519663,3557
448043662,3558
44869950,3559
4487653995,3560
449080751,3561
449354070,3562
44973386,3563
4498771938,3564
4498781714,3565
4501922425,3566
4508143937,3567
45088970,3568
45092362,3569
451055997,3570
451373714,3571
451384431,3572
452216352,3573
45233046,3574
45284956,3575
4528628716,3576
452951939,3577
453484864,3578
453537985,3579
45363376,3580
45365156,3581
4537408161,3582
4537514839,3583
454236505,3584
45446985,3585
454508318,3586
454515349,3587
4550502502,3588
455418793,3589
455764741,3590
4562288908,3591
456334233,3592
4566319213,3593
456722743,3594
4567674394,3595
456775778,3596
456802508,3597
4569352401,3598
457068321,3599
457145585,3600
4578747569,3601
457984599,3602
458015801,3603
45819332,3604
458443805,3605
4584584695,3606
458768756,3607
4593907394,3608
45945763,3609
4596637336,3610
4603513879,3611
460577661,3612
4607947036,3613
461263284,3614
4615058128,3615
4615978780,3616
461678218,3617
4618682419,3618
4622082514,3619
462366969,3620
462391467,3621
462427721,3622
4624845072,3623
462673299,3624
462830900,3625
463162523,3626
463977154,3627
46409048,3628
464127111,3629
4641682463,3630
464627510,3631
4646517636,3632
4648094473,3633
464895722,3634
464986316,3635
465083854,3636
465114198,3637
465158270,3638
465526450,3639
465624447,3640
465745822,3641
4658637975,3642
4659874881,3643
466028132,3644
466109180,3645
46626587,3646
466269577,3647
466887318,3648
466910067,3649
467026225,3650
4673122615,3651
46741795,3652
467810972,3653
46816408,3654
46818339,3655
4685384353,3656
468588961,3657
4686642444,3658
4688143476,3659
469022809,3660
469086244,3661
46919079,3662
469801511,3663
469845522,3664
469921287,3665
469984784,3666
47025294,3667
470373325,3668
47047946,3669
4705065135,3670
47052792,3671
4705591369,3672
470610984,3673
470698243,3674
4708791802,3675
47101500,3676
47111748,3677
4716249127,3678
47237567,3679
47240585,3680
472407653,3681
47253430,3682
472589320,3683
4726064249,3684
47319345,3685
4733441953,3686
473472787,3687
4736735121,3688
4739095434,3689
4739167201,3690
4739845481,3691
47403889,3692
47418503,3693
474202929,3694
4742057534,3695
47421452,3696
47442324,3697
47491845,3698
4749408116,3699
47496394,3700
47554499,3701
475614488,3702
475690797,3703
4758011988,3704
475912792,3705
4760985321,3706
476172271,3707
4765155084,3708
476811284,3709
4768430173,3710
47703013,3711
4771938266,3712
477521559,3713
4776421453,3714
4777757559,3715
478129767,3716
478157435,3717
478189025,3718
4783269650,3719
47845931,3720
4785320212,3721
4786132700,3722
4788670529,3723
479123413,3724
4791255802,3725
4794955790,3726
4797106469,3727
479718850,3728
4797427108,3729
4798011916,3730
480586426,3731
48100522,3732
48105956,3733
48141381,3734
481457729,3735
4815348508,3736
481665215,3737
4818823287,3738
4821375853,3739
48215218,3740
48219360,3741
4821941002,3742
4831444266,3743
4831723714,3744
4831876227,3745
483223,3746
483395237,3747
483528697,3748
48354257,3749
4842937662,3750
48438566,3751
484392100,3752
484477723,3753
4846679961,3754
4847096277,3755
4847781730,3756
4851426189,3757
4851681461,3758
4853922562,3759
485423388,3760
4854853970,3761
4854982839,3762
48573107,3763
4859069799,3764
485960927,3765
486259597,3766
486328835,3767
486361268,3768
4865390499,3769
48654466,3770
4870992551,3771
487191523,3772
4871961853,3773
4872247102,3774
48733616,3775
4875896757,3776
487595501,3777
4875977234,3778
487642650,3779
487686275,3780
487750813,3781
487769182,3782
487816817,3783
4880725981,3784
488278191,3785
4883847269,3786
4884913213,3787
4885744525,3788
488578718,3789
4885982967,3790
4886213447,3791
48866739,3792
4886682706,3793
48903336,3794
48927755,3795
489423943,3796
48961660,3797
4897039492,3798
4898315151,3799
4898400250,3800
489851102,3801
490179072,3802
49021031,3803
49037573,3804
49045912,3805
49053573,3806
490558553,3807
49071001,3808
49072873,3809
49074629,3810
49075903,3811
4910378597,3812
4911266195,3813
49118282,3814
49128933,3815
491748291,3816
49190063,3817
49196387,3818
4923520535,3819
492529570,3820
492665799,3821
493185954,3822
493371884,3823
49393232,3824
494011425,3825
494128669,3826
49415744,3827
49435857,3828
495602226,3829
49567417,3830
49576954,3831
49586855,3832
496107966,3833
49616509,3834
49633388,3835
496429994,3836
49690284,3837
49725600,3838
497463899,3839
49770741,3840
49800332,3841
499208312,3842
49972972,3843
50010587,3844
500154514,3845
500240347,3846
50029551,3847
500444558,3848
501360323,3849
502335393,3850
50248625,3851
503308612,3852
503603307,3853
503794853,3854
503800367,3855
504129552,3856
50440593,3857
50484213,3858
504995635,3859
505214831,3860
50530283,3861
505322398,3862
505355406,3863
505848389,3864
50589638,3865
506399081,3866
50648768,3867
506692540,3868
50743787,3869
508694505,3870
509214368,3871
50948136,3872
511051520,3873
511210135,3874
511237441,3875
511299034,3876
511473570,3877
512008900,3878
51207002,3879
51223109,3880
512327871,3881
51241574,3882
51259550,3883
512636489,3884
513051520,3885
51306266,3886
513087375,3887
51330975,3888
513409613,3889
513739938,3890
513774875,3891
513873998,3892
514840885,3893
515206505,3894
515782631,3895
516021182,3896
516223086,3897
51658756,3898
516611443,3899
51670985,3900
517212934,3901
517255949,3902
517501612,3903
517509150,3904
51781061,3905
517947130,3906
518238007,3907
518642806,3908
518646310,3909
51880276,3910
518954029,3911
519076313,3912
51923461,3913
520401044,3914
52056408,3915
52141764,3916
52154385,3917
521817111,3918
521966673,3919
522736201,3920
522887189,3921
523782755,3922
524816493,3923
524901955,3924
525172082,3925
525643462,3926
525841276,3927
525857359,3928
525874754,3929
525954207,3930
526346146,3931
526463447,3932
526610167,3933
526632149,3934
527276621,3935
52814092,3936
528842323,3937
52910879,3938
52948121,3939
529591144,3940
529676113,3941
529700870,3942
52989817,3943
530837693,3944
531506617,3945
531547747,3946
531565758,3947
531629036,3948
532198621,3949
53226878,3950
532457531,3951
532547274,3952
53257678,3953
53283278,3954
533444481,3955
533973940,3956
53403503,3957
534745687,3958
53503202,3959
535554692,3960
535559749,3961
535675339,3962
535951594,3963
535977623,3964
537795103,3965
538481859,3966
539490309,3967
539699081,3968
53975269,3969
53983017,3970
53999460,3971
5402612,3972
540446538,3973
54068475,3974
540758086,3975
540760301,3976
540903074,3977
540978538,3978
541131956,3979
541833926,3980
542400979,3981
542918338,3982
542962969,3983
543567716,3984
544589549,3985
544886223,3986
546056865,3987
546488925,3988
54661743,3989
54681779,3990
546886420,3991
546984288,3992
54713427,3993
547461296,3994
54747537,3995
54773913,3996
547904132,3997
548169981,3998
54930709,3999
549600704,4000
549600981,4001
55004670,4002
55008372,4003
550532755,4004
551629377,4005
55163750,4006
552421902,4007
55312461,4008
55344841,4009
55364459,4010
553670175,4011
55370049,4012
55381358,4013
5539902,4014
55420724,4015
554442535,4016
55476641,4017
555197794,4018
555503622,4019
555525022,4020
555700817,4021
555984374,4022
55641366,4023
55650291,4024
556663797,4025
5571722,4026
557175261,4027
55795410,4028
558215877,4029
55845533,4030
55853059,4031
559605797,4032
559645321,4033
559705005,4034
55976150,4035
559864210,4036
560507396,4037
561098353,4038
563565412,4039
564612626,4040
564678676,4041
564927741,4042
56653932,4043
567416367,4044
567504692,4045
567626521,4046
567770673,4047
56838981,4048
56879984,4049
569035563,4050
569261412,4051
56933871,4052
5695632,4053
570115053,4054
570121611,4055
571241678,4056
571813503,4057
571823201,4058
572059753,4059
572965711,4060
573277220,4061
573954254,4062
57426532,4063
57447298,4064
574915137,4065
575485613,4066
575822102,4067
576215318,4068
576801455,4069
57688074,4070
577509954,4071
578769255,4072
579519897,4073
579901797,4074
57994917,4075
58052610,4076
58056474,4077
580835974,4078
581613339,4079
581634147,4080
582352257,4081
583117972,4082
583122991,4083
583252309,4084
58331049,4085
584913961,4086
5849252,4087
58525387,4088
58582217,4089
586618642,4090
586624738,4091
58708159,4092
58711646,4093
587253172,4094
587674234,4095
58784259,4096
588097287,4097
58869220,4098
588717639,4099
589119722,4100
589511830,4101
589543684,4102
58964788,4103
58966831,4104
58981717,4105
59039140,4106
590651831,4107
591403936,4108
591951432,4109
591981595,4110
592720735,4111
593342422,4112
593988329,4113
594976909,4114
595035044,4115
59565371,4116
59593456,4117
59642573,4118
596811899,4119
59785902,4120
59801369,4121
598925796,4122
598973191,4123
598973743,4124
600226083,4125
601087282,4126
601189357,4127
601603689,4128
6017542,4129
60198816,4130
602089650,4131
60221496,4132
602323555,4133
603195118,4134
60375526,4135
60403583,4136
604115899,4137
604128002,4138
604501850,4139
604883440,4140
605077270,4141
605697707,4142
605757334,4143
605963171,4144
60667165,4145
607429733,4146
607653131,4147
6077902,4148
60841112,4149
608583,4150
60933564,4151
609350642,4152
60968019,4153
609813993,4154
60985267,4155
61015710,4156
611987690,4157
612057704,4158
612197548,4159
612214031,4160
612473,4161
61347445,4162
61350866,4163
613988694,4164
61415761,4165
614498436,4166
614801913,4167
61514072,4168
615360297,4169
61569576,4170
616094008,4171
616875188,4172
61735353,4173
617619927,4174
618058898,4175
618172850,4176
61830187,4177
619393302,4178
620228575,4179
620311526,4180
62056893,4181
620698212,4182
62070111,4183
621419621,4184
62147616,4185
621620724,4186
621836837,4187
62195462,4188
624168449,4189
62421237,4190
624827127,4191
62493973,4192
62591883,4193
626045472,4194
62679957,4195
626963670,4196
627159615,4197
62743904,4198
627773242,4199
628038157,4200
628216927,4201
628629535,4202
628638850,4203
63003476,4204
630717039,4205
63086778,4206
631437340,4207
632359532,4208
63236808,4209
634127491,4210
634686904,4211
634700204,4212
63489388,4213
635014487,4214
635300517,4215
63547314,4216
635745335,4217
636091528,4218
636326608,4219
636602792,4220
63843485,4221
63860918,4222
64001145,4223
64008841,4224
64137996,4225
64147321,4226
64212398,4227
64290676,4228
6433472,4229
64511694,4230
64643056,4231
65075709,4232
65078889,4233
65294642,4234
65572289,4235
65586007,4236
65607742,4237
65786703,4238
65910210,4239
66033904,4240
66037316,4241
66167625,4242
66209943,4243
66284799,4244
66351565,4245
66367082,4246
67022569,4247
67073721,4248
67074262,4249
67088395,4250
67293615,4251
67407500,4252
67514751,4253
67595149,4254
67706546,4255
67778641,4256
6778782,4257
68049571,4258
68109869,4259
68207839,4260
68270085,4261
68689143,4262
68746857,4263
68760726,4264
68889823,4265
68956490,4266
69004966,4267
69190453,4268
69199008,4269
69251428,4270
69264083,4271
69329527,4272
69496863,4273
69519762,4274
69558383,4275
69605271,4276
69984210,4277
700693962798067712,4278
700790740,4279
700982675088101376,4280
701158106,4281
701523204,4282
701785454,4283
702125877,4284
702895208497856512,4285
702963029521076224,4286
703327918550679552,4287
703405470195658753,4288
703700133742034946,4289
703736130399813632,4290
703994049,4291
704303044662439936,4292
704306828,4293
704696943771975681,4294
704754727,4295
705019924,4296
705083633812566016,4297
705120171,4298
705197282,4299
705446574328057856,4300
705549682177658880,4301
705564782,4302
706105772048908288,4303
706250312810684418,4304
706542798724444160,4305
706957320165654529,4306
70741170,4307
708098284473204736,4308
708176525,4309
708485128800997376,4310
70853712,4311
708537581,4312
708812736579371008,4313
709059463987073025,4314
709426128,4315
709609681,4316
70983920,4317
709939105,4318
709973837,4319
710087840,4320
711038034,4321
711315709033250816,4322
711349816110895104,4323
711368248848211968,4324
711576455306743808,4325
71163037,4326
711674898,4327
711734688,4328
712315980937076736,4329
712372402307477505,4330
712440047807520769,4331
71257224,4332
712976695,4333
713445748239675392,4334
713469726488465410,4335
713762574156718080,4336
714121052,4337
714479834,4338
714572211298897921,4339
714926235,4340
714947334,4341
715044396,4342
7154912,4343
715571516,4344
716190090,4345
71625602,4346
716545648,4347
716709528,4348
716952504613924864,4349
717243036,4350
717826254,4351
718091657594421248,4352
718319754,4353
718336151,4354
718431963053498368,4355
718703,4356
718811790897848320,4357
71888903,4358
720730377,4359
721424317,4360
721950741947023360,4361
72221069,4362
722656615,4363
72304401,4364
723537360873508864,4365
724219435,4366
7243782,4367
724790203903303681,4368
724987842,4369
72601764,4370
726756098,4371
72694283,4372
727472528,4373
7278922,4374
728180250,4375
729745131918626817,4376
73007812,4377
73025974,4378
73048382,4379
730513393,4380
73052369,4381
7309052,4382
731019727,4383
731717953,4384
73198810,4385
73235614,4386
732980827,4387
734192410264096768,4388
735705336,4389
73678167,4390
737294036,4391
737428458,4392
737483604876464130,4393
737509724,4394
73774016,4395
738468902,4396
7385152,4397
73972116,4398
740185650847158272,4399
740390230516240385,4400
741894666,4401
74211503,4402
742121977,4403
742143,4404
74214410,4405
7424492,4406
74247792,4407
74332086,4408
743598793,4409
74386762,4410
743967745,4411
744266600,4412
74498666,4413
745210315,4414
74590093,4415
74644440,4416
747883651,4417
74827928,4418
74883793,4419
748845181,4420
749178637,4421
749756030,4422
749784386,4423
750360169,4424
75080436,4425
751281974,4426
75184478,4427
752276470072958977,4428
752472211,4429
75318169,4430
753275934,4431
753358988,4432
75346250,4433
754135908,4434
754791686887399424,4435
755113,4436
75576664,4437
755829115,4438
756310591422201856,4439
75649353,4440
757173062,4441
757238540669480960,4442
75778916,4443
757909999,4444
758513397352828929,4445
7589572,4446
759176785,4447
75924845,4448
759251,4449
759581804,4450
759936673136246784,4451
760098153307701250,4452
76027332,4453
76058560,4454
76062333,4455
76064527,4456
760947198179762176,4457
761328485222658048,4458
76147467,4459
76152099,4460
76155389,4461
761809752,4462
762380863,4463
763111657,4464
763300,4465
763759764,4466
764103254,4467
764979343,4468
76574312,4469
76641278,4470
767036004,4471
767511283,4472
76763663,4473
767658752,4474
76848978,4475
768588614,4476
76864398,4477
769702230,4478
770289942,4479
77054816,4480
770613038,4481
770879618,4482
771791833,4483
772183711869726720,4484
77234265,4485
772676702,4486
772725560,4487
77703940,4488
777210000,4489
778057,4490
778223814,4491
778841755,4492
780020227,4493
780269431,4494
78043007,4495
7804612,4496
78053214,4497
780860256,4498
78091048,4499
7809992,4500
781288694,4501
782270054,4502
78241446,4503
782856144,4504
783944028,4505
784694388,4506
787301240,4507
787484389,4508
787774580,4509
78778106,4510
78837703,4511
788416957,4512
78892407,4513
78945414,4514
789501139,4515
789738380,4516
790344848,4517
790783038,4518
790799510,4519
790947306,4520
792786013,4521
794161836,4522
79553432,4523
79563407,4524
795639116,4525
796792574,4526
79769567,4527
798530833,4528
79882811,4529
79939817,4530
799531411,4531
800718805,4532
800748296,4533
80125289,4534
80137363,4535
801509924,4536
801698222,4537
80187373,4538
802584787,4539
802659122,4540
80365738,4541
803826720,4542
80447268,4543
804982640,4544
805905864,4545
806130732,4546
807095,4547
80721809,4548
807472957,4549
80793585,4550
808014258,4551
808160791,4552
808283946,4553
808596350,4554
80919561,4555
80963391,4556
810053322,4557
81066683,4558
812079846,4559
812215344,4560
812542670,4561
813192637,4562
814054454,4563
815089381,4564
818411882,4565
81865040,4566
818796252,4567
819998784,4568
820187383,4569
820694,4570
82110213,4571
821185646,4572
821403404,4573
821842872,4574
822225433,4575
822533414,4576
82369457,4577
824101627,4578
824157,4579
824328062,4580
824450408,4581
82697469,4582
827085848,4583
827940210,4584
82795478,4585
828068220,4586
828151412,4587
8287732,4588
82933885,4589
830010780,4590
830035634,4591
8315692,4592
83171355,4593
83289696,4594
83303123,4595
833446135,4596
834270494,4597
83465789,4598
834672494,4599
836485514,4600
837269790,4601
838399572,4602
838627057,4603
838674816,4604
838962740,4605
840435552,4606
84085214,4607
841647078,4608
843337472,4609
845669107,4610
846469328,4611
84671872,4612
850633633,4613
850639772,4614
85096288,4615
851310092,4616
851464878,4617
851512388,4618
851540730,4619
851711263,4620
851795317,4621
852023280,4622
8524102,4623
853270471,4624
855556087,4625
856264933,4626
856510033,4627
856894412,4628
85729788,4629
858278305,4630
85881268,4631
85964568,4632
860311272,4633
860691823,4634
860807707,4635
860808168,4636
861712795,4637
861868506,4638
862262467,4639
86317143,4640
863616144,4641
863889445,4642
864027450,4643
86404915,4644
864927037,4645
865200110,4646
865763376,4647
866097356,4648
86644028,4649
866581542,4650
866729010,4651
86726621,4652
86761224,4653
869049313,4654
869061648,4655
87040996,4656
870721279,4657
87119587,4658
87133189,4659
871881092,4660
872786449,4661
873780536,4662
87416722,4663
8743302,4664
874763028,4665
874857829,4666
874869986,4667
878719854,4668
88014344,4669
88071033,4670
88087810,4671
88209689,4672
88222637,4673
882947018,4674
88296327,4675
883145995,4676
883421593,4677
88342710,4678
8839632,4679
884304968,4680
884648612,4681
884724134,4682
885384266,4683
885601772,4684
885633499,4685
885696506,4686
88851341,4687
88861017,4688
889024146,4689
88981559,4690
889980282,4691
890236020,4692
891114542,4693
891714356,4694
892355978,4695
89265769,4696
8936082,4697
893756430,4698
89465785,4699
89488468,4700
895625785,4701
89592667,4702
896218406,4703
89734009,4704
898260326,4705
90006698,4706
900187770,4707
900777782,4708
901000160,4709
90154073,4710
902196660,4711
902596597,4712
90334445,4713
904033152,4714
90409047,4715
904132304,4716
905374200,4717
905898240,4718
907376150,4719
90775089,4720
90803598,4721
908064396,4722
908555298,4723
90859217,4724
90881136,4725
90911917,4726
909434454,4727
911196463,4728
91123177,4729
912583795,4730
913225676,4731
913517954,4732
91493488,4733
915137490,4734
91593963,4735
916084236,4736
91694469,4737
916974746,4738
917639923,4739
919289756,4740
919914043,4741
920122212,4742
920161381,4743
920277535,4744
92102577,4745
921343537,4746
921521460,4747
92157633,4748
921883650,4749
922083786,4750
922974936,4751
923037565,4752
923863207,4753
92585909,4754
92603118,4755
926043565,4756
926383879,4757
926588462,4758
928875248,4759
92953029,4760
929963226,4761
930245052,4762
930575720,4763
931250203,4764
93181919,4765
932558718,4766
932642034,4767
93363329,4768
93410612,4769
934644187,4770
935266471,4771
935456701,4772
936148682,4773
93677186,4774
939024314,4775
93904951,4776
93912662,4777
93953785,4778
939537901,4779
93992192,4780
94058277,4781
941208391,4782
941371860,4783
941943944,4784
942773174,4785
94345398,4786
943538226,4787
944264634,4788
94476810,4789
946600968,4790
948097464,4791
94840180,4792
94853291,4793
948708523,4794
948787765,4795
950426113,4796
95053140,4797
9507342,4798
950738846,4799
950976000,4800
951957156,4801
95253375,4802
952584528,4803
954124423,4804
954391770,4805
9546212,4806
954804223,4807
955736706,4808
956311722,4809
956324941,4810
95737635,4811
957832087,4812
95963751,4813
96133674,4814
96185616,4815
9624742,4816
96444573,4817
965298974,4818
965435300,4819
966426558,4820
968851322,4821
96915355,4822
96966077,4823
972651,4824
97273575,4825
972936630,4826
973204208,4827
97519068,4828
975266304,4829
975310543,4830
97558908,4831
97569139,4832
97575423,4833
976219603,4834
97627107,4835
976671463,4836
97710257,4837
97781259,4838
97793731,4839
978671796,4840
98275031,4841
984279223,4842
987487946,4843
987819241,4844
98926033,4845
992337506,4846
993896732,4847
994383073,4848
994918147,4849
995337794,4850
995899112,4851
99608225,4852
99944372,4853
999588744,4854
999632060,4855
