item_id,item_idx
80080680482123777,0
80084555733803009,1
265953285247209472,2
273182568298450945,3
273278761909239808,4
295152287901417472,5
295944137948151809,6
318263294098030593,7
319166636902998016,8
326137285450018817,9
334722003057647616,10
336873759271157760,11
336913656921083904,12
348203818741272576,13
348204426659508226,14
348209998565879810,15
351767344097398785,16
352075672543428608,17
356268980211687424,18
356297080169447425,19
356310469390245888,20
356407105953071107,21
356437941641416705,22
357299879070023680,23
357300409292959744,24
358591089462099968,25
364383457545162754,26
364589696573124609,27
365052155385749505,28
365056836476481537,29
365276206381268995,30
365497016098369536,31
366025766183514112,32
366205297557110784,33
369506008172740608,34
370855596050108416,35
372489152903643136,36
372901260183494656,37
372914976102834176,38
376874273601630208,39
376982539132366848,40
377002232257855488,41
377519445578895360,42
380055172896272384,43
380140114552188928,44
386682163862986752,45
386998038004113409,46
387006553124896768,47
387006700609228801,48
387007120689737729,49
387009577763360768,50
387010299536355328,51
387021726007042051,52
387030572779847680,53
387031585834278912,54
387041762331471872,55
387050178932654080,56
387220814531395584,57
387233034350514176,58
387236601450864641,59
387237225286479872,60
387281927427727360,61
387309869080281088,62
387353560356118528,63
407156621450571777,64
407158558158254081,65
407159686786732032,66
407161635439013888,67
407162181059612672,68
407163499723624449,69
407163869673443328,70
407164247768977409,71
407164597511393280,72
407167258452971520,73
407167928313081856,74
407169212428206080,75
407169699559247872,76
407169885345943552,77
407170170533064705,78
407170443443859456,79
407173794583695360,80
407174474207731712,81
407176055657484289,82
407176873605865472,83
407177474788057088,84
407179055763836928,85
407181813174788096,86
407182194206322689,87
407182466613792768,88
407184707118309376,89
407184730988097536,90
407185422523977728,91
407187197427593217,92
407188779255222273,93
407189015582887936,94
407191058108256257,95
407191144880439298,96
407192027714322432,97
407192126032986112,98
407192370040803329,99
407193347279699968,100
407197113286545409,101
407197672702214144,102
407198255793987584,103
407198615137181696,104
407205009676587009,105
407205235682050048,106
407205404075376640,107
407206094747209728,108
407209131351629824,109
407209222850756608,110
407209892013821952,111
407211258304552960,112
407212665350942720,113
407213757048160256,114
407213772328022016,115
407217471473451008,116
407217865973329920,117
407218583135997953,118
407223928084766721,119
407229989902225408,120
407231591191035904,121
407231740764508161,122
407232661107642368,123
407233172380733441,124
407234399093022720,125
407236151167025152,126
407237676350185475,127
407244865018155008,128
407248574099894272,129
407253198395555840,130
407253554039386112,131
407254590363426816,132
407258075502899200,133
407262869152358400,134
407262953533353984,135
407264593027670016,136
407267881131732992,137
407269894938718208,138
407275991610818560,139
407279190913069056,140
407290084593913856,141
407290871856369664,142
407292452060815360,143
427652211414274048,144
427662266993889280,145
427666815842414592,146
427689948398231552,147
427690961280696320,148
427725166127226881,149
427762638274437120,150
427780584979836929,151
427831952826449920,152
427846006600777729,153
427924694663454720,154
427944719612915712,155
428366153149194240,156
435998882250899456,157
436001434212249600,158
436074888638763008,159
436089462326849536,160
436157173161144321,161
436157398269849602,162
436160836524965891,163
436195672677953536,164
436215971272212480,165
445495350171013120,166
450341615979069440,167
455525437351800832,168
470025166760980483,169
482880640560271361,170
489794369487380480,171
489794593580650497,172
489794696013967360,173
489796088338341888,174
489796998615547904,175
489798219283857408,176
489798752358916096,177
489798752438583297,178
489800427152879616,179
489802446001434625,180
489812926828924928,181
489816746405007360,182
489818014364086273,183
489820657291911168,184
489829414704648192,185
489833932813516800,186
489836271049928704,187
489836441120145408,188
489841070818488320,189
489854703321509888,190
489865454312099840,191
489867900296368129,192
489872119158046720,193
489872500462190593,194
489874311143260160,195
489887806018183168,196
489902412900343809,197
489968646014246912,198
489970164469751808,199
489974591985840128,200
489975398151618560,201
490080544949276672,202
490136764619948032,203
490141776984825856,204
491200302365040640,205
491241885399539712,206
491591245152935936,207
495305620342714369,208
495365942726381568,209
495366618818830336,210
495583434954514432,211
496698590153416704,212
497073936077959169,213
498280126254428160,214
498430783699554305,215
499366666300846081,216
499368931367608320,217
499456140044824576,218
499530130487017472,219
499612545909415938,220
499679379820412928,221
499683602452717569,222
500258409988763649,223
500270780832174080,224
500278045597368320,225
500278294055768064,226
500279160795721728,227
500279189405433858,228
500280422295937024,229
500280838710247424,230
500281094239817728,231
500281131057811456,232
500284699546517505,233
500286058664579072,234
500288349924782080,235
500290456845299714,236
500294803402137600,237
500295393301647360,238
500298752469770240,239
500303431928922113,240
500307001629745152,241
500308076004929537,242
500319675797209088,243
500319801344929795,244
500327106824245249,245
500327120770301952,246
500332933098385408,247
500341884678836224,248
500347114975944705,249
500354773133299713,250
500363126294863876,251
500363740311982081,252
500371149713178625,253
500377145349521411,254
500377906305327104,255
500378223977721856,256
500378522788315137,257
500381163866062848,258
500389488217309184,259
500391222075076610,260
500394061887709184,261
500413818368184321,262
501474962935648256,263
501760566160289794,264
501768276523761666,265
501774251901198336,266
501774615837163521,267
501781217411215360,268
501785003144273921,269
501827465032237056,270
501881262240694272,271
501934077612941312,272
503498696273965056,273
503609826128044032,274
503610065769598976,275
503714147138166784,276
504106473467944960,277
504109775358287872,278
504131150429061121,279
504131654810877952,280
504243239084236800,281
504244627680272384,282
504267796424163328,283
504304227246538752,284
504387128013246465,285
504419526998360064,286
504433135036407808,287
504441156575297536,288
504448356584677377,289
504450741126582275,290
504453071041482753,291
504478567062056962,292
504500863944376321,293
504652021601800193,294
504771233557147648,295
505369323922522113,296
505611045897924608,297
505657661120348163,298
506118402466152449,299
506656271517622272,300
506784541696991232,301
507242819623587841,302
507257950868885504,303
507261372313640961,304
507263441359613953,305
507354546041925632,306
507454543169617920,307
507557659206516736,308
507634536176300032,309
507918114567499776,310
508002575858561024,311
509031495101874176,312
509077805296914432,313
509084603617792001,314
509114008587100160,315
509152237503778816,316
509463916586762241,317
509463933564891137,318
509464217549021184,319
509464271118688257,320
509464457836511232,321
509466295344304129,322
509473920060104704,323
509478961705807872,324
510286132568150016,325
510507736287961088,326
510906049549705216,327
510908595144519680,328
510916464631889920,329
510916647373516800,330
510916725953417218,331
510918747188514816,332
510921017972514817,333
510922415468449792,334
510931521306243072,335
511330322831507456,336
511918957255991296,337
513015596879867904,338
513437031020916738,339
513749585391390720,340
513779458340569088,341
513922322915282945,342
514039286845698048,343
514057033419849728,344
514062859987595264,345
514067907475959808,346
514072132301910016,347
514081464171102208,348
514098803347951616,349
514098833253748736,350
514100169307348992,351
514106273852174337,352
514106939173634048,353
514109888138842113,354
514142113601437696,355
514148279601606656,356
514150992552931328,357
514201362729828352,358
514308277803294721,359
514395350615203841,360
514420223873941504,361
514429381737852929,362
514451906211893248,363
514468018970034176,364
514478918636535808,365
514483762566922240,366
514495841600811009,367
514508854990999553,368
514512849876836352,369
514517213022543872,370
514517470238240768,371
514535408126795776,372
514540926640087040,373
514546272972574721,374
514550436377137152,375
514555852351479808,376
515519742355185664,377
515538937058971648,378
515717938025078784,379
515918632178577408,380
516313006427602944,381
516321020815228929,382
516345893139001346,383
516358319317852160,384
516361247223058432,385
516371936604352513,386
516377014790782977,387
516386101766782976,388
516390549012480001,389
516394449065496577,390
516395112201736192,391
516411927506206721,392
516414874348298240,393
516420964834611201,394
516423807394131968,395
516425769560866817,396
516434071631974400,397
516435293235183617,398
516475930097643520,399
516539137646542848,400
516545908813475841,401
516636338679197697,402
516682897864916992,403
516705572373397504,404
516727880571572225,405
516729950091493376,406
516804849619705859,407
516856061182345216,408
516861311725342722,409
516978780171436032,410
517003426832453633,411
517034091028676608,412
517038566061658114,413
517051126466625536,414
517053056211357696,415
517416417164263424,416
517487705978966016,417
517712193841037312,418
517850508380618752,419
518192429153783808,420
518620083342835712,421
518665533089406976,422
518827403452637184,423
518830518792892416,424
518866406512025602,425
518870005677826050,426
518924377791164420,427
518981379963777025,428
519078654635409410,429
519112613800972288,430
519131101798100992,431
519178213441167360,432
519275971758026752,433
519311120914722816,434
519348106836860929,435
519375764165509121,436
519447199164665856,437
519530210795216896,438
519704006826807296,439
519921456730607616,440
519935535083565056,441
519965814175567872,442
520132836594970625,443
520244836084228096,444
520265722967375872,445
520284654755381249,446
520299904934371328,447
520338188213444608,448
520630231531802624,449
521098692326350848,450
521444489697583104,451
521496155310796800,452
521533372280369152,453
521663202183348224,454
521717368264093696,455
521727831307722753,456
521769631519092736,457
521770744855134208,458
521772674155286528,459
521777301470871553,460
521788572933062657,461
521789009576476673,462
521790189715615744,463
521821037726797824,464
521835345059389440,465
521882110789824512,466
521922785254580225,467
522321383716818944,468
522443333831262208,469
522453569702989824,470
522468118082633729,471
522534012544638976,472
522553662996901888,473
522654603675176960,474
522684367647559681,475
522692223952228353,476
522782267215982592,477
522815405451407360,478
523026678419714048,479
523098334421319680,480
523123023646175233,481
523123779124600833,482
523126268603031552,483
523535962962280448,484
523545090099523584,485
523555724807262208,486
523558773345255424,487
523562674487975937,488
523566838958284801,489
523581212175392768,490
523655026485366784,491
523820806917603328,492
523863683928457216,493
523888836456108032,494
523939598691741696,495
523943647449198592,496
524144369235140608,497
524152657783820288,498
524168442841010176,499
524176293450223616,500
524178388282802176,501
524181699043663872,502
524185876931162112,503
524186749002473472,504
524191650420367360,505
524206851450486785,506
524211911668543488,507
524227209976745984,508
524263570985340928,509
524289058290159616,510
524291188422356993,511
524294016435634178,512
524312881823637504,513
524317344730869760,514
524320261667950592,515
524586367456919552,516
524593547807178753,517
524646141938647043,518
524685073979678721,519
524699123971534848,520
524757333608394752,521
524881688825167872,522
524922729485848576,523
524923293711998976,524
524923341359300608,525
524923462398513152,526
524923676484177920,527
524924619812511746,528
524925033626738688,529
524925050739490816,530
524925124303396864,531
524925215235911680,532
524925600318754816,533
524925730053181440,534
524925987239120897,535
524926235030589440,536
524926472432410625,537
524927281048080385,538
524928119955013632,539
524928878075457536,540
524929106987991040,541
524929497205055488,542
524929796862918656,543
524930365400821761,544
524930671220105216,545
524931324763992064,546
524932056560963584,547
524932935137628160,548
524933380929245184,549
524934138563133440,550
524935246647926784,551
524935485370929152,552
524935769614331904,553
524936872666353664,554
524937542131793920,555
524940659778920448,556
524941041301225472,557
524941132237910016,558
524941504796962816,559
524942470472548352,560
524943490887991296,561
524944399890124801,562
524944881941495809,563
524946179390701568,564
524947149134774272,565
524947674164760577,566
524948703850029056,567
524949828711620608,568
524950264303075328,569
524950339074523137,570
524950507023245313,571
524951893467234304,572
524952094986350592,573
524952883343925249,574
524958128392376320,575
524958992330522624,576
524959809402331137,577
524959836778536961,578
524961721744900097,579
524961908903149568,580
524962142563610625,581
524962676665888769,582
524965775036387329,583
524965786059026432,584
524966904885428226,585
524967711492014080,586
524969201102901248,587
524970097711267841,588
524970851675176960,589
524972443308683264,590
524975705206304769,591
524976106861236226,592
524976526891417600,593
524976963862429697,594
524976980799000578,595
524977992683237376,596
524979548195024898,597
524980744658382848,598
524981436252950528,599
524983325275197440,600
524987184836005889,601
524988712367955970,602
524991067675189250,603
524991240270807042,604
524993533212897281,605
524995771587108864,606
524998384357486592,607
525005886272843776,608
525008463819464704,609
525009850104037376,610
525019752507658240,611
525023025792835585,612
525024066152169473,613
525024181218725888,614
525024518713397249,615
525025279803424768,616
525025463648137216,617
525028734991343617,618
525029684095221760,619
525032872647065600,620
525033697045925888,621
525039784503541760,622
525040767317082113,623
525040836757958657,624
525041127343550464,625
525043936331857923,626
525049639016615937,627
525056576038518785,628
525058976376193024,629
525060425184858112,630
525077806401994754,631
525088864416043008,632
525116411887513602,633
525134787778850818,634
525285199530455040,635
525291306000846848,636
525300042207612928,637
525301290218553344,638
525305690257379328,639
525327108520673281,640
525408908484280321,641
525411618231169025,642
525711899359318016,643
526459255147491328,644
526757033186697216,645
527131140721623040,646
527138218505175040,647
527272948680622080,648
527286846347567104,649
527295015643394048,650
527308173112139776,651
527947775905103872,652
528237933661544448,653
528240834660298753,654
528242965915779072,655
528312406498635777,656
528341588867416064,657
528357165677817856,658
528389559441444864,659
528495998537334785,660
528562608463704064,661
528607634099015680,662
528676615207653376,663
528822281972498432,664
528976109518721024,665
529088963420909569,666
529434230938284032,667
529747368087126019,668
529857740059860992,669
530017051025604609,670
530943279161155584,671
531085761521528834,672
531108688749404160,673
531129816389779456,674
531131094276382720,675
531161914689482752,676
531183173443801088,677
531193369465470976,678
531206167302012929,679
531287426858487808,680
531300385248800768,681
531493734358061056,682
531498841158082562,683
531524882325311488,684
531525016794697729,685
531526274003771392,686
531530591427391488,687
531531382611513344,688
531543620856197121,689
531565935128498176,690
531568534066057217,691
531606992788287489,692
531634492528939008,693
531648145613398016,694
531659884430106624,695
531676808836833280,696
531733274968989696,697
531833153145823233,698
531833233143783424,699
531900034863091712,700
531973383198887936,701
532007252677656576,702
532106726539939841,703
532197572698320896,704
532199717594497024,705
532203605236154368,706
532206910796468224,707
532208816692416512,708
532231906364911616,709
532239131540467712,710
532246457609244672,711
532255606623989760,712
532259028152246272,713
532275347413544961,714
532275383430041600,715
532276370953752576,716
532276693931945984,717
532281981795848192,718
532284428542681088,719
532284831783460864,720
532297096356167680,721
532319110458118144,722
532559937269166080,723
532602376398462976,724
532851585408593920,725
532928419051622400,726
533734824905670656,727
533767270091087872,728
533811170889568256,729
534205316620382208,730
534278078105944064,731
534303066867367937,732
534337548680978432,733
534364937939062784,734
534392174876839936,735
534409916560461825,736
534445263528947712,737
534461459938304001,738
534543768653807618,739
534678919656775680,740
534763214106820608,741
535148463609356288,742
535252460148113409,743
535257207991205888,744
535282587325833216,745
535315394127728641,746
535474861616148480,747
535474881090322432,748
535484342785830912,749
535507913226190849,750
535579674152148992,751
536105045545472000,752
536504515843727361,753
536540403109879809,754
536547921542791170,755
536558567206420480,756
536738726693847041,757
536804445678755840,758
536808074431184896,759
536826622725218304,760
536827853669941248,761
536835346932441088,762
536849906997415936,763
536871550184869888,764
536915851233202176,765
536962520477470720,766
536991428694376448,767
537006518118273025,768
537355288295518210,769
537377960471166976,770
537378640653475841,771
537484793882361856,772
537913349338435584,773
537976883150077952,774
538010064591028224,775
538129041539092480,776
538133250066366464,777
538166788484509696,778
538193964479045633,779
538218607822770176,780
538256153080127489,781
538346377794031618,782
538374385665449985,783
538408710084001793,784
538412662858588160,785
538724882461097986,786
538729383662338049,787
538760398003253248,788
538847758032310272,789
538851683141304320,790
538861627018579968,791
538900739880665088,792
538930446814703616,793
538975342011363328,794
539052152602107904,795
539115704285270017,796
539254751343681536,797
539658034382123008,798
539799806039052288,799
539813330983354368,800
539833716852273152,801
540333359793451008,802
540643709465812992,803
542320823915536384,804
542423103834296323,805
542600886653292545,806
542860306603868160,807
543319210659971073,808
543436472842334209,809
543443188934250496,810
543586319168196608,811
544154048950435840,812
544268732046913536,813
544269749405097984,814
544271284796784640,815
544271362022338560,816
544274934835707905,817
544277117039837184,818
544278335455776769,819
544278985249550337,820
544282005941530624,821
544282227035869184,822
544283772569788416,823
544287209730236416,824
544289311504355328,825
544289409294553088,826
544289941996326912,827
544290258951892992,828
544291804057960448,829
544291965513134080,830
544301453717041152,831
544305540286148609,832
544306719686656000,833
544314234541469696,834
544319274072817664,835
544319832486064128,836
544324444773433348,837
544328894812549121,838
544329935943237632,839
544333764814323713,840
544350567183556608,841
544350712365207552,842
544352727971954690,843
544358533819420672,844
544358564484378624,845
544367462012432384,846
544374511194632192,847
544380742076088320,848
544381485591982083,849
544382892378714113,850
544391176137089024,851
544391533240516608,852
544399927045283840,853
544457299667202048,854
544476808566276097,855
544491151118860289,856
544504183341064192,857
544510450101415936,858
544511199702822913,859
544512108885725184,860
544512664769396736,861
544512676643500033,862
544512910538838016,863
544513524438155264,864
544514564407427072,865
544514570367168512,866
544515538383564801,867
544517264054423552,868
544518335019229184,869
544520042810200064,870
544520273718812672,871
544523550519218176,872
544567299102244864,873
544698560655400961,874
544939287222165506,875
545271117355958272,876
546028163134808064,877
547101266313089024,878
547158281005719552,879
547509900130021377,880
547514662695469057,881
547525843749470208,882
547587399728267264,883
547670441754914816,884
547803254516490240,885
547807913671405568,886
548672230134382592,887
549124560793374720,888
549599086073368576,889
549920761423863808,890
549927969032916993,891
549964632883232768,892
549975297160802304,893
549998575330275330,894
550003619303788545,895
550038665653542913,896
550095745161134080,897
550131732805328896,898
550175324634619904,899
550279538278543360,900
550284252672450560,901
551082055883563008,902
551097831851687938,903
551099691702956032,904
551103664124100608,905
551106793959862272,906
551106923601219585,907
551117430345711616,908
551120768164462592,909
551123464640536576,910
551128385850601472,911
551135925862805504,912
551159366876147714,913
551575491430211584,914
551942365901250560,915
552112474913136641,916
552146635707666433,917
552457656666185728,918
552498516225179650,919
552568163431247873,920
552615631246622721,921
552661209204260864,922
552677176873455616,923
552706985087361025,924
552783667052167168,925
552785375161499649,926
552791196247269378,927
552791578893619200,928
552792544132997121,929
552792802309181440,930
552792913910833152,931
552793679082311680,932
552802654641225728,933
552805488631758849,934
552806757672964097,935
552810448324943872,936
552811386259386370,937
552816020403269632,938
552821069036670976,939
552832817089236992,940
552834961762709505,941
552848620375261184,942
552984502063337472,943
553008832784642048,944
553016500492439552,945
553040930144792576,946
553061846081896449,947
553098571323437056,948
553099685888790528,949
553103772852191233,950
553107921081749504,951
553115168084074497,952
553115236992290816,953
553136604882014208,954
553160652567498752,955
553164985460068352,956
553169307824177152,957
553184482241814530,958
553186555150749696,959
553190393370923008,960
553212962044149761,961
553221600955621376,962
553228463998783488,963
553264892799488000,964
553271856786968576,965
553461741917863936,966
553467311261503488,967
553470492565602305,968
553474188259102720,969
553476490315431937,970
553476880339599360,971
553501357156876290,972
553503184174710784,973
553505242554175489,974
553506608203169792,975
553508098825261056,976
553512735192141826,977
553518472798683136,978
553531413459660800,979
553534838880608256,980
553535829017370625,981
553538058440941568,982
553543369604210689,983
553544252563935234,984
553544694765215745,985
553548567420628992,986
553549686129561600,987
553550301886955520,988
553558982476828674,989
553566026030272512,990
553575232867672064,991
553576010898497536,992
553579224402235393,993
553586860334010368,994
553586897168392192,995
553587013409325058,996
553587303172833280,997
553587672137334785,998
553588178687655936,999
553589051044151296,1000
553590459688570880,1001
553590835850514433,1002
553960736964476928,1003
554343513887105024,1004
554597409351671808,1005
554655549896159233,1006
554688527435563008,1007
554722567224049664,1008
554886875303780352,1009
554958414905094144,1010
554979642210549760,1011
555003887753494528,1012
555072815154475008,1013
556541489388724224,1014
556873675941896193,1015
557621135320178688,1016
557885928417816576,1017
558312304753016832,1018
559787890402541568,1019
559863517151784960,1020
560133068670140417,1021
560163341524807680,1022
560187970389819392,1023
560207034545889281,1024
560414522758799361,1025
560442390805090307,1026
560474897013415936,1027
560873850846846978,1028
561280944045576192,1029
561952533942661120,1030
562090534945431552,1031
562093717201616896,1032
562256876763901953,1033
562313802369073153,1034
562387516964491265,1035
563117355254161408,1036
563123548857053184,1037
565999191982616577,1038
566089610485579776,1039
566999951449001984,1040
567596847330373632,1041
567765185407234049,1042
568075025418317826,1043
568452856224747520,1044
568568737621630977,1045
568571403756294144,1046
568580363339091968,1047
568589712644026368,1048
568905632998412288,1049
569908998717243392,1050
570341828479725570,1051
570405783306944514,1052
571052823665704960,1053
580324027715063808,1054
580348081100734464,1055
594687353937100801,1056
600451916414484480,1057
604354747357859842,1058
604625816992002049,1059
604642913188872192,1060
611039775856812032,1061
612438528803213312,1062
612741808125120513,1063
